"38,762,422.66 "," 775,248.45 "," 44,964,410.29 ","","","",""
"Project Details","Cost Center","Customer PO","Remaining Balance in PO","Cantik Invoice No","Cantik Invoice Date"," Cantik Inv Value Taxable "," TDS "," Receivable ","Against Vendor Inv Number","Payment Recpt Date","Payment Advise No.","Vendor Name"
"Raptakos Resource Deployment - Anuj Kushwaha","Raptakos PT","4500095281","","CTPL/24-25/1312","5-Feb-25"," 35,225.00 "," 704.50 "," 40,861.00 ","MAH/464/24-25","3-Jun-25","","0"
"Raptakos Resource Deployment - Anuj Kushwaha","Raptakos PT","4500095281","","CTPL/24-25/1521","19-Mar-25"," 68,250.00 "," 1,365.00 "," 79,170.00 ","MAH/558/24-25","16-Apr-25","","0"
"Raptakos Resource Deployment - Anuj Kushwaha","Raptakos PT","4500095281","","CTPL/25-26/128","28-Apr-25"," 68,250.00 "," 1,365.00 "," 79,170.00 ","MAH/650/24-25","28-May-25","","0"
"Raptakos Resource Deployment - Anuj Kushwaha","Raptakos PT","4500098831","","CTPL/25-26/306","21-Jun-25"," 68,250.00 "," 1,365.00 "," 79,170.00 ","M/2526/Jun/024","21-Jul-25","1400005222","0"
"Raptakos Resource Deployment - Anuj Kushwaha","Raptakos PT","4500098831","","CTPL/25-26/307","21-Jun-25"," 68,250.00 "," 1,365.00 "," 79,170.00 ","M/2526/Jun/025","21-Jul-25","1400005222","0"
"Panasonic Resource Deploment - Shankar Bhuyan","GGN-NTT-PANASONIC-PT-01","4500095649","","CTPL/24-25/1543","5-Feb-25"," 33,333.30 "," 666.67 "," 38,666.63 ","210502280378","23-Apr-25","1400001141","0"
"Panasonic Resource Deploment - Shankar Bhuyan","GGN-NTT-PANASONIC-PT-01","4500095649","","CTPL/24-25/1544","5-Feb-25"," 166,666.00 "," 3,333.32 "," 193,332.56 ","210502280376","23-Apr-25","1400001141","0"
"Panasonic Resource Deploment - Shankar Bhuyan","GGN-NTT-PANASONIC-PT-01","4500095649","","CTPL/24-25/1545","5-Feb-25"," 166,666.00 "," 3,333.32 "," 193,332.56 ","210502280377","23-Apr-25","1400001141","0"
"Panasonic Resource Deploment - Shankar Bhuyan","GGN-NTT-PANASONIC-PT-01","4500095649","","CTPL/24-25/1546","5-Feb-25"," 166,666.00 "," 3,333.32 "," 193,332.56 ","210502280218","23-Apr-25","1400001141","0"
"Panasonic Resource Deploment - Shankar Bhuyan","GGN-NTT-PANASONIC-PT-01","4500095649","","CTPL/24-25/1547","5-Feb-25"," 166,666.00 "," 3,333.32 "," 193,332.56 ","210604280034","23-Apr-25","1400001141","0"
"Panasonic Resource Deploment - Shankar Bhuyan","GGN-NTT-PANASONIC-PT-01","4500095649","","CTPL/25-26/239","2-Jun-25"," 166,666.00 "," 3,333.32 "," 193,332.56 ","210605280035","30-Jun-25","1400004223","0"
"Panasonic Resource Deploment - Shankar Bhuyan","GGN-NTT-PANASONIC-PT-01","4500095649","","CTPL/25-26/279","10-Jun-25"," 155,912.00 "," 3,118.24 "," 180,857.92 ","210606280030","9-Jul-25","1400004644","0"
"HMSI Resource Deployment- Dotnet - Alok Kumar","GGN-NTT-HMSI-DOTNET-PT-01","4500098672","","CTPL/25-26/247","3-Jun-25"," 30,680.00 "," 613.60 "," 35,588.80 ","86/2025-2026","2-Jul-25","1400004308","0"
"HMSI Resource Deployment- Dotnet - Alok Kumar","GGN-NTT-HMSI-DOTNET-PT-01","4500098672","","CTPL/25-26/248","3-Jun-25"," 92,040.00 "," 1,840.80 "," 106,766.40 ","86/2025-2026","7-Jul-25","1400004559","0"
"Quess Corp Resource Deployment - Yallappa Satyappa Halagodi","NTT-Quesscorp-PT-01","4500097314","","CTPL/25-26/119","24-Apr-25"," 41,665.00 "," 833.30 "," 48,331.40 ","INV/24-25/000249","21-May-25","1400002471","0"
"Quess Corp Resource Deployment - Yallappa Satyappa Halagodi","NTT-Quesscorp-PT-01","4500097314","","CTPL/25-26/120","24-Apr-25"," 141,661.00 "," 2,833.22 "," 164,326.76 ","INV/24-25/000249","21-May-25","1400002471","0"
"Quess Corp Resource Deployment - Yallappa Satyappa Halagodi","NTT-Quesscorp-PT-01","4500097314","","CTPL/25-26/121","24-Apr-25"," 174,993.00 "," 3,499.86 "," 202,991.88 ","INV/24-25/000249","21-May-25","1400002471","0"
"Quess Corp Resource Deployment - Yallappa Satyappa Halagodi","NTT-Quesscorp-PT-01","4500097314","","CTPL/25-26/122","24-Apr-25"," 41,665.00 "," 833.30 "," 48,331.40 ","INV/24-25/000249","21-May-25","1400002471","0"
"Quess Corp Resource Deployment - Yallappa Satyappa Halagodi","NTT-Quesscorp-PT-01","4500097314","","CTPL/25-26/013","4-Apr-25"," 175,000.00 "," 3,500.00 "," 203,000.00 ","INV/24-25/000249","30-Apr-25","1400001587","0"
"Sun Phrma - Website AMC ","GGN-NTT-Sunpharma-PT-01","4500095362","","CTPL/24-25/1247","30-Jan-25"," 197,417.00 "," 3,948.34 "," 229,003.72 ","4253","26-Feb-25","1400015690","0"
"Sun Phrma - Website AMC ","GGN-NTT-Sunpharma-PT-01","4500095362","","CTPL/24-25/1248","30-Jan-25"," 78,967.00 "," 1,579.34 "," 91,601.72 ","4252","26-Feb-25","1400015690","0"
"Sun Phrma - Website AMC ","GGN-NTT-Sunpharma-PT-01","4500095362","","CTPL/24-25/1353","2-Nov-25"," 78,724.00 "," 1,574.48 "," 91,319.84 ","4262","12-Mar-25","1400016360","0"
"Sun Phrma - Website AMC ","GGN-NTT-Sunpharma-PT-01","4500095362","","CTPL/24-25/1527","20-Mar-25"," 78,724.00 "," 1,574.48 "," 91,319.84 ","4281","16-Apr-25","1400000825","0"
"Sun Phrma - Website AMC ","GGN-NTT-Sunpharma-PT-01","4500095362","","CTPL/25-26/008","4-Apr-25"," 78,724.00 "," 1,574.48 "," 91,319.84 ","4299","30-Apr-25","1400001587","0"
"Sun Phrma - Website AMC ","GGN-NTT-Sunpharma-PT-01","4500095362","","CTPL/25-26/246","6-Mar-25"," 78,724.00 "," 1,574.48 "," 91,319.84 ","4307","2-Jul-25","1400004308","0"
"","GGN-NTT-HCIL-PT-01","4500092529","","CTPL/24-25/681","16-Oct-24"," 390,141.15 "," 7,802.82 "," 452,563.73 ","24-25/034","13-Nov-24","1400010898","0"
"","GGN-NTT-HCIL-PT-01","4500097684","","CTPL/25-26/087","16-Apr-24"," 578,812.50 "," 11,576.25 "," 671,422.50 ","25-26/002","30-Apr-25","1400001587","0"
"","GGN-NTT-HCIL-PT-01","4500097799","","CTPL/25-26/118","23-Apr-24"," 257,800.00 "," 5,156.00 "," 299,048.00 ","25-26/08","21-May-25","1400002471","0"
"","GGN-NTT-HCIL-PT-01","4500092808","","CTPL/24-25/712","24-Oct-24"," 552,500.00 "," 11,050.00 "," 640,900.00 ","","","","0"
"","GGN-NTT-HCIL-PT-01","4500092930","","CTPL/24-25/716","28-Oct-24"," 13,500.00 "," 270.00 "," 15,660.00 ","","","","0"
"","GGN-NTT-HCIL-PT-01","4500097527","","CTPL/25-26/045","10/4/25"," 1,231,905.00 "," 24,638.10 "," 1,429,009.80 ","","","","0"
"","GGN-NTT -PT-Finder fees","4500091403","","CTPL/24-25/468","10-Sep-24"," 229,075.00 "," 4,581.50 "," 265,727.00 ","","9-Oct-24","1400009231","0"
"","GGN-NTT -PT-Finder fees","4500091408","","CTPL/24-25/479","10-Sep-24"," 649,740.00 "," 12,994.80 "," 753,698.40 ","","9-Oct-24","1400009231","0"
"","GGN-NTT -PT-Finder fees","4500092198","","CTPL/24-25/656","8-Oct-24"," 168,000.00 "," 3,360.00 "," 194,880.00 ","G90/2025-26","6-Nov-24","1400010471","0"
"","GGN-NTT-BMW-RPA- PT 01","4500087051","","CTPL/24-25/033","8-Apr-24"," 525,000.00 "," 10,500.00 "," 609,000.00 ","","29-Jun-24","1400005889","0"
"","GGN-NTT-HMSI-RPA-PT-01","4500083659","","CTPL/24-25/098","8-May-24"," 132,000.00 "," 2,640.00 "," 153,120.00 ","","29-Jun-24","1400005889","0"
"","GGN-NTT-HMSI-RPA-PT-01","4500083659","","CTPL/24-25/156","31-May-24"," 132,000.00 "," 2,640.00 "," 153,120.00 ","","1-Aug-24","1400007222","0"
"","GGN-NTT-BMW-RPA- PT 01","4500089409","","CTPL/24-25/231","27-Jun-24"," 175,000.00 "," 3,500.00 "," 203,000.00 ","","5-Nov-24","1400011812","0"
"","GGN-NTT-BMW-RPA- PT 01","4500089409","","CTPL/24-25/232","27-Jun-24"," 175,000.00 "," 3,500.00 "," 203,000.00 ","","5-Nov-24","1400011812","0"
"","GGN-NTT-BMW-RPA- PT 01","4500089409","","CTPL/24-25/239","29-Jun-24"," 175,000.00 "," 3,500.00 "," 203,000.00 ","","5-Nov-24","1400011812","0"
"","GGN-NTT-HMSI-RPA-PT-01","4500083659","","CTPL/24-25/242","29-Jun-24"," 132,000.00 "," 2,640.00 "," 153,120.00 ","","14-Nov-24","1400012170","0"
"","GGN-NTT-HMSI-RPA-PT-01","4500083659","","CTPL/24-25/334","1-Aug-24"," 132,000.00 "," 2,640.00 "," 153,120.00 ","","14-Nov-24","1400012170","0"
"","GGN-NTT-HMSI-RPA-PT-01","4500083659","","CTPL/24-25/767","5-Nov-24"," 132,000.00 "," 2,640.00 "," 153,120.00 ","","14-Nov-24","1400012170","0"
"","GGN-NTT-HMSI-RPA-PT-01","4500083659","","CTPL/24-25/768","5-Nov-24"," 132,000.00 "," 2,640.00 "," 153,120.00 ","","27-Nov-24","1400012851","0"
"","GGN-NTT-HMSI-RPA-PT-01","4500083659","","CTPL/24-25/769","5-Nov-24"," 132,000.00 "," 2,640.00 "," 153,120.00 ","","27-Nov-24","1400012851","0"
"","GGN-NTT-BMW-RPA- PT 01","4500093384","","CTPL/24-25/800","14-Nov-24"," 175,000.00 "," 3,500.00 "," 203,000.00 ","","27-Nov-24","1400012851","0"
"","GGN-NTT-BMW-RPA- PT 01","4500093384","","CTPL/24-25/801","14-Nov-24"," 175,000.00 "," 3,500.00 "," 203,000.00 ","","16-Dec-24","1400013747","0"
"","GGN-NTT-BMW-RPA- PT 01","4500093384","","CTPL/24-25/802","14-Nov-24"," 175,000.00 "," 3,500.00 "," 203,000.00 ","","16-Dec-24","1400013747","0"
"","GGN-NTT-HMSI-RPA-PT-01","4500093705","","CTPL/24-25/849","27-Nov-24"," 458,367.00 "," 9,167.34 "," 531,705.72 ","","16-Dec-24","1400013747","0"
"","GGN-NTT-HMSI-RPA-PT-01","4500093723","","CTPL/24-25/850","27-Nov-24"," 511,255.00 "," 10,225.10 "," 593,055.80 ","","16-Dec-24","1400013747","0"
"","GGN-NTT-HMSI-RPA-PT-01","4500093722","","CTPL/24-25/851","27-Nov-24"," 449,552.00 "," 8,991.04 "," 521,480.32 ","","16-Dec-24","1400013747","0"
"","GGN-NTT-BMW-RPA- PT 01","4500094223","","CTPL/24-25/958","16-Dec-24"," 35,000.00 "," 700.00 "," 40,600.00 ","","9-Jan-25","1400014093","0"
"","GGN-NTT-BMW-RPA- PT 01","4500094223","","CTPL/24-25/959","16-Dec-24"," 35,000.00 "," 700.00 "," 40,600.00 ","","10-Jan-25","1400015325","0"
"","GGN-NTT-BMW-RPA- PT 01","4500094223","","CTPL/24-25/960","16-Dec-24"," 35,000.00 "," 700.00 "," 40,600.00 ","","10-Jan-25","1400015325","0"
"","GGN-NTT-BMW-RPA- PT 01","4500094223","","CTPL/24-25/961","16-Dec-24"," 210,000.00 "," 4,200.00 "," 243,600.00 ","","17-Jan-25","1400014388","0"
"","GGN-NTT-BMW-RPA- PT 01","4500094223","","CTPL/24-25/962","16-Dec-24"," 360,000.00 "," 7,200.00 "," 417,600.00 ","","17-Jan-25","1400014388","0"
"","NTT-BMW- BMW-penetration Testing  - PT-0","4500094807","","CTPL/24-25/1111","9-Jan-25"," 250,000.00 "," 5,000.00 "," 290,000.00 ","","28-Jan-25","1400015690","0"
"","GGN-NTT-HMSI-RPA-PT-01","4500094574","","CTPL/24-25/1120","10-Jan-25"," 153,300.00 "," 3,066.00 "," 177,828.00 ","","5-Feb-25","1400016007","0"
"","GGN-NTT-HMSI-RPA-PT-01","4500094574","","CTPL/24-25/1121","10-Jan-25"," 153,300.00 "," 3,066.00 "," 177,828.00 ","","5-Mar-25","1400000074","0"
"","NTT-BMW- BMW-penetration Testing  - PT-0","4500095007","","CTPL/24-25/1168","17-Jan-25"," 400,000.00 "," 8,000.00 "," 464,000.00 ","","27-Mar-25","1400001587","0"
"","NTT-BMW- BMW-penetration Testing  - PT-0","4500095010","","CTPL/24-25/1169","17-Jan-25"," 250,000.00 "," 5,000.00 "," 290,000.00 ","","","","0"
"","GGN-NTT-BMW-RPA- PT 01","4500094223","","CTPL/24-25/1231","28-Jan-25"," 210,000.00 "," 4,200.00 "," 243,600.00 ","","","","0"
"","GGN-NTT-HMSI-RPA-PT-01","4500094574","","CTPL/24-25/1315","5-Feb-25"," 153,300.00 "," 3,066.00 "," 177,828.00 ","","","","0"
"","GGN-NTT-HMSI-RPA-PT-01","4500094574","","CTPL/24-25/1419","5-Mar-25"," 153,300.00 "," 3,066.00 "," 177,828.00 ","","","","0"
"","GGN-NTT-HMSI-RPA-PT-01","4500094574","","CTPL/24-25/1568","27-Mar-25"," 153,300.00 "," 3,066.00 "," 177,828.00 ","","","","0"
"","GGN-NTT-BMW-RPA- PT 01","4500097457","","CTPL/25-26/035","9-Apr-25"," 37,987.00 "," 759.74 "," 44,064.92 ","","7-May-25","1400001841","0"
"","GGN-NTT-BMW-RPA- PT 01","4500097505","","CTPL/25-26/041","10-Apr-25"," 210,000.00 "," 4,200.00 "," 243,600.00 ","","23-Apr-25","1400001141","0"
"","GGN-NTT-BMW-RPA- PT 01","4500097505","","CTPL/25-26/042","10-Apr-25"," 210,000.00 "," 4,200.00 "," 243,600.00 ","","23-Apr-25","1400001141","0"
"","GGN-NTT-BMW-RPA- PT 01","4500097505","","CTPL/25-26/043","10-Apr-25"," 210,000.00 "," 4,200.00 "," 243,600.00 ","","23-Apr-25","1400001141","0"
"","GGN-NTT-HMSI-RPA-PT-01","4500094574","","CTPL/25-26/189","13-May-25"," 153,300.00 "," 3,066.00 "," 177,828.00 ","46/2025","18-Jun-25","1400003677","0"
"","GGN-NTT-HMSI-PT-01","4500089309","","CTPL/24-25/217","24-Jun-24"," 55,314.00 "," 1,106.28 "," 64,164.24 ","","24-Jun-24","1400005602","0"
"","GGN-NTT-HMSI-PT-01","4500089309","","CTPL/24-25/218","24-Jun-24"," 130,686.00 "," 2,613.72 "," 151,595.76 ","","24-Jun-24","1400005602","0"
"","GGN-NTT-HMSI-PT-01","4500089309","","CTPL/24-25/219","24-Jun-24"," 185,378.00 "," 3,707.56 "," 215,038.48 ","","24-Jun-24","1400005602","0"
"","GGN-NTT-HMSI-PT-01","4500089309","","CTPL/24-25/220","24-Jun-24"," 185,378.00 "," 3,707.56 "," 215,038.48 ","","24-Jun-24","1400005602","0"
"","GGN-NTT-HMSI-PT-01","4500089309","","CTPL/24-25/221","24-Jun-24"," 185,378.00 "," 3,707.56 "," 215,038.48 ","","24-Jun-24","1400005602","0"
"","GGN-NTT-HMSI-PT-01","4500089309","","CTPL/24-25/222","24-Jun-24"," 185,378.00 "," 3,707.56 "," 215,038.48 ","","24-Jun-24","1400005602","0"
"","GGN-NTT-HMSI-PT-01","4500089309","","CTPL/24-25/223","24-Jun-24"," 185,378.00 "," 3,707.56 "," 215,038.48 ","","24-Jun-24","1400005602","0"
"","GGN-NTT-HMSI-PT-01","4500089309","","CTPL/24-25/224","24-Jun-24"," 195,176.00 "," 3,903.52 "," 226,404.16 ","","24-Jun-24","1400005602","0"
"","GGN-NTT-HMSI-PT-01","4500089309","","CTPL/24-25/225","24-Jun-24"," 229,212.00 "," 4,584.24 "," 265,885.92 ","","24-Jun-24","1400005602","0"
"","GGN-NTT-HMSI-PT-01","4500089309","","CTPL/24-25/226","24-Jun-24"," 246,304.00 "," 4,926.08 "," 285,712.64 ","","24-Jun-24","1400005602","0"
"","GGN-NTT-Mylan-PT-01","4500093610","","CTPL/24-25/1239","29-Jan-25"," 128,250.00 "," 2,565.00 "," 148,770.00 ","","29-Jan-25","1400015690","0"
"","GGN-NTT-Mylan-PT-01","4500093610","","CTPL/24-25/1240","29-Jan-25"," 179,550.00 "," 3,591.00 "," 208,278.00 ","","29-Jan-25","1400015690","0"
"","GGN-NTT-Mylan-PT-01","4500096896","","CTPL/24-25/1550","24-Mar-25"," 179,550.00 "," 3,591.00 "," 208,278.00 ","","24-Mar-25","1400001141","0"
"","GGN-NTT-Mylan-PT-01","4500096896","","CTPL/24-25/1551","24-Mar-25"," 179,550.00 "," 3,591.00 "," 208,278.00 ","","24-Mar-25","1400001141","0"
"","GGN-NTT-Mylan-PT-01","4500096896","","CTPL/24-25/1552","24-Mar-25"," 179,550.00 "," 3,591.00 "," 208,278.00 ","","24-Mar-25","1400001141","0"
"","GGN-NTT-KTFL-PT-01","4500090795","","CTPL/25-26/081","16-Apr-25"," 109,007.00 "," 2,180.14 "," 126,448.12 ","","14-May-25","1400002169","0"
"","GGN-NTT-KTFL-PT-01","4500090795","","CTPL/25-26/082","16-Apr-25"," 109,007.00 "," 2,180.14 "," 126,448.12 ","","14-May-25","1400002169","0"
"","GGN-NTT-KTFL-PT-01","4500096735-1","","CTPL/25-26/083","16-Apr-25"," 126,385.00 "," 2,527.70 "," 146,606.60 ","","14-May-25","1400002169","0"
"","GGN-NTT-KTFL-PT-01","4500090795","","CTPL/24-25/852","27-Nov-24"," 109,007.00 "," 2,180.14 "," 126,448.12 ","","27-Nov-24","1400012851","0"
"","GGN-NTT-KTFL-PT-01","4500090795","","CTPL/24-25/853","27-Nov-24"," 109,007.00 "," 2,180.14 "," 126,448.12 ","","27-Nov-24","1400012851","0"
"","GGN-NTT-KTFL-PT-01","4500090795","","CTPL/24-25/854","27-Nov-24"," 109,007.00 "," 2,180.14 "," 126,448.12 ","","27-Nov-24","1400012851","0"
"","GGN-NTT-KTFL-PT-01","4500090795","","CTPL/24-25/855","27-Nov-24"," 109,007.00 "," 2,180.14 "," 126,448.12 ","","27-Nov-24","1400012851","0"
"","GGN-NTT-KTFL-PT-01","4500090771-1","","CTPL/24-25/856","27-Nov-24"," 31,596.00 "," 631.92 "," 36,651.36 ","","27-Nov-24","1400012851","0"
"","GGN-NTT-KTFL-PT-01","4500090771-1","","CTPL/24-25/857","27-Nov-24"," 132,704.00 "," 2,654.08 "," 153,936.64 ","","27-Nov-24","1400012851","0"
"","GGN-NTT-KTFL-PT-01","4500090771-1","","CTPL/24-25/858","27-Nov-24"," 132,704.00 "," 2,654.08 "," 153,936.64 ","","27-Nov-24","1400012851","0"
"","GGN-NTT-KTFL-PT-01","4500090771-1","","CTPL/24-25/859","27-Nov-24"," 132,704.00 "," 2,654.08 "," 153,936.64 ","","27-Nov-24","1400012851","0"
"","GGN-NTT-KTFL-PT-01","4500090771-1","","CTPL/24-25/860","27-Nov-24"," 94,789.00 "," 1,895.78 "," 109,955.24 ","","27-Nov-24","1400013154","0"
"","GGN-NTT-KTFL-PT-01","4500090771-1","","CTPL/24-25/864","28-Nov-24"," 132,704.00 "," 2,654.08 "," 153,936.64 ","","28-Nov-24","1400013154","0"
"","GGN-NTT-KTFL-PT-01","4500090771-1","","CTPL/24-25/865","28-Nov-24"," 37,915.00 "," 758.30 "," 43,981.40 ","","Payment advise not found","","0"
"","GGN-NTT-KTFL-PT-01","4500093849","","CTPL/24-25/1172","17-Jan-25"," 132,704.00 "," 2,654.08 "," 153,936.64 ","","17-Jan-25","1400015047","0"
"","GGN-NTT-KTFL-PT-01","4500093849","","CTPL/24-25/1173","17-Jan-25"," 132,704.00 "," 2,654.08 "," 153,936.64 ","","17-Jan-25","1400015047","0"
"","GGN-NTT-KTFL-PT-01","4500093849","","CTPL/24-25/1174","17-Jan-25"," 132,704.00 "," 2,654.08 "," 153,936.64 ","","17-Jan-25","1400015047","0"
"","GGN-NTT-KTFL-PT-01","4500090795","","CTPL/24-25/1410","1/3/25"," 109,007.00 "," 2,180.14 "," 126,448.12 ","","1-Mar-25","1400017232","0"
"","GGN-NTT-KTFL-PT-01","4500090795","","CTPL/24-25/1411","1/3/25"," 109,007.00 "," 2,180.14 "," 126,448.12 ","","1-Mar-25","1400017232","0"
"","GGN-NTT-KTFL-PT-01","4500090795","","CTPL/24-25/1412","1/3/25"," 109,007.00 "," 2,180.14 "," 126,448.12 ","","1-Mar-25","1400017232","0"
"","GGN-NTT-KTFL-PT-01","4500094640-1","","CTPL/24-25/1504","17-Mar-25"," 132,704.00 "," 2,654.08 "," 153,936.64 ","","17-Mar-25","1400000825","0"
"","GGN-NTT-KTFL-PT-01","4500094640-1","","CTPL/24-25/1505","17-Mar-25"," 132,704.00 "," 2,654.08 "," 153,936.64 ","","17-Mar-25","1400000825","0"
"","GGN-NTT-KTFL-PT-01","Duplicate Invoice for Oct'24 For Chandershekhar & Shriniwas","","","","","","","HSIT/24-25/314","","","0"
"","GGN-NTT-KTFL-PT-01","4500094640-1","","CTPL/24-25/1506","17-Mar-25"," 129,453.00 "," 2,589.06 "," 150,165.48 ","","17-Mar-25","1400000825","0"
"","GGN-NTT-KTFL-PT-01","4500096735-1","","CTPL/24-25/1522","19-Mar-25"," 102,312.00 "," 2,046.24 "," 118,681.92 ","","19-Mar-25","1400000825","0"
"","GGN-NTT-KTFL-PT-01","4500096735-1","","CTPL/24-25/1523","19-Mar-25"," 126,385.00 "," 2,527.70 "," 146,606.60 ","","19-Mar-25","1400000825","0"
"","GGN-NTT-KTFL-PT-01","4500088398","","CTPL/24-25/152","31-May-24"," 266,121.45 "," 5,322.43 "," 308,700.88 ","KCS/24-2025/006","","","0"
"","GGN-NTT-KTFL-PT-01","4500088398","","CTPL/24-25/153","31-May-24"," 622,379.76 "," 12,447.60 "," 721,960.52 ","KCS/24-2025/007","","","0"
"","GGN-NTT-KTFL-PT-01","4500088398","","CTPL/24-25/154","31-May-24"," 708,750.00 "," 14,175.00 "," 822,150.00 ","KCS/24-2025/008","","","0"
"","GGN-NTT-KTFL-PT-01","4500088323","","CTPL/24-25/155","31-May-24"," 91,350.05 "," 1,827.00 "," 105,966.06 ","KCS/24-2025/008","","","0"
"","GGN-NTT-KTFL-PT-01","4500088323","","CTPL/24-25/186","7-Jun-24"," 304,500.00 "," 6,090.00 "," 353,220.00 ","KCS/24-2025/009","","","0"
"","GGN-NTT-KTFL-PT-01","4500088398","","CTPL/24-25/187","7-Jun-24"," 708,750.00 "," 14,175.00 "," 822,150.00 ","KCS/24-2025/009","","","0"
"","GGN-NTT-KTFL-PT-01","4500089164","","CTPL/24-25/204","19-Jun-24"," 220,335.00 "," 4,406.70 "," 255,588.60 ","KCS/24-2025/010","","","0"
"","GGN-NTT-KTFL-PT-01","4500088323","","CTPL/24-25/276","4-Jul-24"," 304,500.00 "," 6,090.00 "," 353,220.00 ","KCS/24-2025/012","","","0"
"","GGN-NTT-KTFL-PT-01","4500089649","","CTPL/24-25/277","4-Jul-24"," 257,250.00 "," 5,145.00 "," 298,410.00 ","KCS/24-2025/013","","","0"
"","GGN-NTT-KTFL-PT-01","4500088398","","CTPL/24-25/292","11-Jul-24"," 680,178.00 "," 13,603.56 "," 789,006.48 ","KCS/24-2025/011","","","0"
"","GGN-NTT-KTFL-PT-01","4500089164","","CTPL/24-25/298","16-Jul-24"," 59,206.00 "," 1,184.12 "," 68,678.96 ","KCS/24-2025/014","","","0"
"","GGN-NTT-KTFL-PT-01","4500089164","","CTPL/24-25/329","31-Jul-24"," 44,386.00 "," 887.72 "," 51,487.76 ","KCS/24-2025/015","","","0"
"","GGN-NTT-KTFL-PT-01","4500088397","","CTPL/24-25/336","1-Aug-24"," 708,750.00 "," 14,175.00 "," 822,150.00 ","KCS/24-2025/016","","","0"
"","GGN-NTT-KTFL-PT-01","4500088323","","CTPL/24-25/337","1-Aug-24"," 197,806.00 "," 3,956.12 "," 229,454.96 ","KCS/24-2025/017","","","0"
"","GGN-NTT-KTFL-PT-01","4500089649","","CTPL/24-25/344","2-Aug-24"," 300,000.00 "," 6,000.00 "," 348,000.00 ","KCS/24-2025/018","","","0"
"","GGN-NTT-KTFL-PT-01","4500089164","","CTPL/24-25/372","9-Aug-24"," 37,509.00 "," 750.18 "," 43,510.44 ","KCS/24-2025/020","","","0"
"","GGN-NTT-KTFL-PT-01","4500090699","","CTPL/24-25/397","14-Aug-24"," 15,000.00 "," 300.00 "," 17,400.00 ","KCS/24-2025/018","","","KAPARTHI CONSULTANCY SERVICES"
"","GGN-NTT-KTFL-PT-01","4500090771","","CTPL/24-25/401","16-Aug-24"," 121,935.45 "," 2,438.71 "," 141,445.12 ","KCS/24-2025/019","","","0"
"","GGN-NTT-KTFL-PT-01","4500088397","","CTPL/24-25/470","9-Sep-24"," 708,750.00 "," 14,175.00 "," 822,150.00 ","KCS/24-2025/022","","","0"
"","GGN-NTT-KTFL-PT-01","4500088323","","CTPL/24-25/471","9-Sep-24"," 147,000.00 "," 2,940.00 "," 170,520.00 ","KCS/24-2025/023","","","0"
"","GGN-NTT-KTFL-PT-01","4500089649","","CTPL/24-25/472","9-Sep-24"," 300,000.00 "," 6,000.00 "," 348,000.00 ","CN Issue for the same","","","0"
"","GGN-NTT-KTFL-PT-01","4500090771","","CTPL/24-25/473","9-Sep-24"," 157,500.00 "," 3,150.00 "," 182,700.00 ","KCS/24-2025/025","","","0"
"","GGN-NTT-KTFL-PT-01","4500089164","","CTPL/24-25/474","9-Sep-24"," 75,802.00 "," 1,516.04 "," 87,930.32 ","KCS/24-2025/021","","","0"
"","GGN-NTT-KTFL-PT-01","4500090699","","CTPL/24-25/475","9-Sep-24"," 15,000.00 "," 300.00 "," 17,400.00 ","KCS/24-2025/024","","","KAPARTHI CONSULTANCY SERVICES"
"","GGN-NTT-KTFL-PT-01","4500089649","","19/2024-25","10-Sep-24"," (300,000.00)"," (6,000.00)"," (348,000.00)","CN Issue for the same","","","0"
"","GGN-NTT-KTFL-PT-01","4500089649","","CTPL/24-25/477","10-Sep-24"," 285,607.00 "," 5,712.14 "," 331,304.12 ","KCS/24-2025/024","","","0"
"","GGN-NTT-KTFL-PT-01","4500090699","","CTPL/24-25/478","10-Sep-24"," 12,143.00 "," 242.86 "," 14,085.88 ","KCS/24-2025/024","","","KAPARTHI CONSULTANCY SERVICES"
"","GGN-NTT-KTFL-PT-01","4500089164","","CTPL/24-25/547","21-Sep-24"," 39,888.00 "," 797.76 "," 46,270.08 ","KCS/24-2025/026","","","0"
"","GGN-NTT-KTFL-PT-01","4500088397","","CTPL/24-25/638","3-Oct-24"," 708,750.00 "," 14,175.00 "," 822,150.00 ","KCS/24-2025/028","","","0"
"","GGN-NTT-KTFL-PT-01","4500088323","","CTPL/24-25/639","3-Oct-24"," 147,000.00 "," 2,940.00 "," 170,520.00 ","KCS/24-2025/029","","","0"
"","GGN-NTT-KTFL-PT-01","4500089649","","CTPL/24-25/640","3-Oct-24"," 300,000.00 "," 6,000.00 "," 348,000.00 ","KCS/24-2025/030","","","0"
"","GGN-NTT-KTFL-PT-01","4500090771","","CTPL/24-25/641","3-Oct-24"," 78,750.00 "," 1,575.00 "," 91,350.00 ","KCS/24-2025/031","","","0"
"","GGN-NTT-KTFL-PT-01","4500090699","","CTPL/24-25/642","3-Oct-24"," 15,000.00 "," 300.00 "," 17,400.00 ","KCS/24-2025/030","","","KAPARTHI CONSULTANCY SERVICES"
"","GGN-NTT-KTFL-PT-01","4500089164","","CTPL/24-25/677","15-Oct-24"," 51,888.00 "," 1,037.76 "," 60,190.08 ","KCS/24-2025/032","","","0"
"","GGN-NTT-KTFL-PT-01","4500088323","","CTPL/24-25/778","7-Nov-24"," 147,000.00 "," 2,940.00 "," 170,520.00 ","KCS/24-2025/035","","","0"
"","GGN-NTT-KTFL-PT-01","4500094642","","CTPL/24-25/1217","27-Jan-25"," 149,033.00 "," 2,980.66 "," 172,878.28 ","CN Issue for the same","","","0"
"","GGN-NTT-KTFL-PT-01","4500094642","","CTPL/24-25/1218","27-Jan-25"," 551,250.00 "," 11,025.00 "," 639,450.00 ","KCS/24-2025/038","","","0"
"","GGN-NTT-KTFL-PT-01","4500094602","","CTPL/24-25/1219","27-Jan-25"," 185,565.00 "," 3,711.30 "," 215,255.40 ","CN Issue for the same","","","KAPARTHI CONSULTANCY SERVICES"
"","GGN-NTT-KTFL-PT-01","4500094602","","CTPL/24-25/1220","27-Jan-25"," 228,450.00 "," 4,569.00 "," 265,002.00 ","KCS/24-2025/040","","","KAPARTHI CONSULTANCY SERVICES"
"","GGN-NTT-KTFL-PT-01","4500094640","","CTPL/24-25/1221","27-Jan-25"," 150,000.00 "," 3,000.00 "," 174,000.00 ","KCS/24-2025/036","","","0"
"","GGN-NTT-KTFL-PT-01","4500094640","","CTPL/24-25/1222","27-Jan-25"," 150,000.00 "," 3,000.00 "," 174,000.00 ","KCS/24-2025/040","","","0"
"","GGN-NTT-KTFL-PT-01","4500088397","","CTPL/24-25/1223","27-Jan-25"," 37,137.00 "," 742.74 "," 43,078.92 ","KCS/24-2025/027","","","0"
"","GGN-NTT-KTFL-PT-01","4500088397","","CTPL/24-25/1224","27-Jan-25"," 44,661.00 "," 893.22 "," 51,806.76 ","KCS/24-2025/033","","","0"
"","GGN-NTT-KTFL-PT-01","4500088397","","CTPL/24-25/1225","27-Jan-25"," 69,524.00 "," 1,390.48 "," 80,647.84 ","KCS/24-2025/037","","","0"
"","GGN-NTT-KTFL-PT-01","4500088397","","CTPL/24-25/1226","27-Jan-25"," 56,971.00 "," 1,139.42 "," 66,086.36 ","KCS/24-2025/041","","","0"
"","GGN-NTT-KTFL-PT-01","4500088397","","CTPL/24-25/1227","27-Jan-25"," 69,510.00 "," 1,390.20 "," 80,631.60 ","KCS/24-2025/043","","","0"
"","GGN-NTT-KTFL-PT-01","4500094602","","55/2024-25","28-Jan-25"," (185,565.00)"," (3,711.30)"," (215,255.40)","CN Issue for the same","","","KAPARTHI CONSULTANCY SERVICES"
"","GGN-NTT-KTFL-PT-01","4500094642","","56/2024-25","28-Jan-25"," (149,033.00)"," (2,980.66)"," (172,878.28)","CN Issue for the same","","","0"
"","GGN-NTT-KTFL-PT-01","4500088397","","CTPL/24-25/1234","28-Jan-25"," 503,750.00 "," 10,075.00 "," 584,350.00 ","KCS/24-2025/034","","","0"
"","GGN-NTT-KTFL-PT-01","4500094602","","CTPL/24-25/1235","28-Jan-25"," 187,500.00 "," 3,750.00 "," 217,500.00 ","KCS/24-2025/034","","","KAPARTHI CONSULTANCY SERVICES"
"","GGN-NTT-KTFL-PT-01","4500094642","","CTPL/24-25/1236","28-Jan-25"," 158,267.00 "," 3,165.34 "," 183,589.72 ","KCS/24-2025/034","","","0"
"","GGN-NTT-KTFL-PT-01","4500094640","","CTPL/24-25/1243","30-Jan-25"," 141,700.00 "," 2,834.00 "," 164,372.00 ","KCS/24-2025/039","","","0"
"","GGN-NTT-KTFL-PT-01","4500094640","","CTPL/24-25/1249","31-Jan-25"," 304,500.00 "," 6,090.00 "," 353,220.00 ","KCS/24-2025/046","","","0"
"","GGN-NTT-KTFL-PT-01","4500094642","","CTPL/24-25/1250","31-Jan-25"," 656,250.00 "," 13,125.00 "," 761,250.00 ","KCS/24-2025/044","","","0"
"","GGN-NTT-KTFL-PT-01","4500096735","","CTPL/24-25/1522","19-Mar-25"," 236,179.00 "," 4,723.58 "," 273,967.64 ","KCS/24-2025/051","","","0"
"","GGN-NTT-KTFL-PT-01","4500096735","","CTPL/24-25/1523","19-Mar-25"," 291,750.00 "," 5,835.00 "," 338,430.00 ","KCS/24-2025/055","","","0"
"","GGN-NTT-KTFL-PT-01","4500096736","","CTPL/24-25/1529","20-Mar-25"," 519,107.00 "," 10,382.14 "," 602,164.12 ","KCS/24-2025/049","","","0"
"","GGN-NTT-KTFL-PT-01","4500096736","","CTPL/24-25/1530","20-Mar-25"," 641,250.00 "," 12,825.00 "," 743,850.00 ","KCS/24-2025/053","","","0"
"","GGN-NTT-KTFL-PT-01","4500096735","","CTPL/25-26/083","16-Apr-25"," 291,750.00 "," 5,835.00 "," 338,430.00 ","KCS/25-2026/003","","","0"
"","GGN-NTT-KTFL-PT-01","4500096736","","CTPL/25-26/084","16-Apr-25"," 641,250.00 "," 12,825.00 "," 743,850.00 ","KCS/25-2026/001","","","0"
"","GGN-NTT-KTFL-PT-01","4500098208","","CTPL/25-26/191","13-May-25"," 71,666.00 "," 1,433.32 "," 83,132.56 ","KCS/24-2025/047","","","0"
"","GGN-NTT-KTFL-PT-01","4500098208","","CTPL/25-26/192","13-May-25"," 118,834.00 "," 2,376.68 "," 137,847.44 ","KCS/24-2025/048","","","0"
"","GGN-NTT-KTFL-PT-01","4500098208","","CTPL/25-26/193","13-May-25"," 133,457.00 "," 2,669.14 "," 154,810.12 ","KCS/24-2025/052","","","0"
"","GGN-NTT-KTFL-PT-01","4500098208","","CTPL/25-26/194","13-May-25"," 83,266.00 "," 1,665.32 "," 96,588.56 ","KCS/24-2025/057","","","0"
"","GGN-NTT-KTFL-PT-01","4500098208","","CTPL/25-26/195","13-May-25"," 124,385.00 "," 2,487.70 "," 144,286.60 ","KCS/24-2025/056","","","0"
"","GGN-NTT-KTFL-PT-01","4500098208","","CTPL/25-26/196","13-May-25"," 54,126.00 "," 1,082.52 "," 62,786.16 ","KCS/24-2025/058","","","0"
"","GGN-NTT-KTFL-PT-01","4500098208","","CTPL/25-26/197","13-May-25"," 58,282.00 "," 1,165.64 "," 67,607.12 ","KCS/24-2025/059","","","0"
"","GGN-NTT-KTFL-PT-01","4500098208","","14/2025-26","21-Jun-25"," (124,385.00)"," (2,487.70)"," (144,286.60)","KCS/24-2025/057","","","0"
"","GGN-NTT-KTFL-PT-01","4500098208","","CTPL/25-26/308","21-Jun-25"," 52,833.90 "," 1,056.68 "," 61,287.32 ","KCS/25-2026/004","21-Jul-25","1400005222","0"
"","GGN-NTT-KTFL-PT-01","4500098208","","CTPL/25-26/309","21-Jun-25"," 42,878.85 "," 857.58 "," 49,739.47 ","KCS/25-2026/006","21-Jul-25","1400005222","0"
"","NTT-Quesscorp-PT-01","4500099372","","CTPL/25-26/358","4-Jul-25"," 199,056.00 "," 3,981.12 "," 230,904.96 ","HSIT/25-26/202","30-Jul-25","1400005598","0"
"","NTT-Quesscorp-PT-01","4500099372","","CTPL/25-26/357","4-Jul-25"," 170,619.00 "," 3,412.38 "," 197,918.04 ","HSIT/25-26/202","30-Jul-25","1400005598","0"
"Sun Phrma - Website AMC ","GGN-NTT-Sunpharma-PT-01","4500095362","","CTPL/25-26/316","25-Jun-25"," 78,724.00 "," 1,574.48 "," 91,319.84 ","4325","31-Jul-25","1400005739","0"
"HCIL - MDM - Soti","GGN-NTT-HCIL-PT-01","4500100035","","CTPL/25-26/405","17-Jul-25"," 50,000.00 "," 1,000.00 "," 58,000.00 ","25-26/10","13-Aug-25","1400006220","0"
"Sun Phrma - Website AMC ","GGN-NTT-Sunpharma-PT-01","4500095362","","CTPL/25-26/393","10-Jul-25"," 78,967.00 "," 1,579.34 "," 91,601.72 ","4341","6-Aug-24","1400005910","0"
"Panasonic Resource Deploment - Shankar Bhuyan","GGN-NTT-PANASONIC-PT-01","4500095649","","CTPL/25-26/397","11-Jul-25"," 144,443.00 "," 2,888.86 "," 167,553.88 ","210607280029","7-Aug-25","1400006058","0"
"HMSI Resource Deployment- Dotnet - Alok Kumar","GGN-NTT-HMSI-DOTNET-PT-01","4500098672","","CTPL/25-26/329","2-Jul-25"," 92,040.00 "," 1,840.80 "," 106,766.40 ","132/2025-2026","30-Jul-25","1400005598","0"
"","GGN-NTT-BMW-OA - PT-01","4500083044","1466614","CTPL/24-25/099","8-May-24"," 69,197.23 "," 1,383.94 "," 80,268.79 ","RI/24-25/029","8-May-24","1400003183","0"
"","GGN-NTT-BMW-OA - PT-01","4500083044","1466614","CTPL/24-25/189","7-Jun-24"," 69,197.23 "," 1,383.94 "," 80,268.79 ","RI/24-25/029","7-Jun-24","1400004543","0"
"","GGN-NTT-BMW-OA - PT-01","4500083044","1466614","CTPL/24-25/265","3-Jul-24"," 69,197.23 "," 1,383.94 "," 80,268.79 ","RI/24-25/029","3-Jul-24","1400005889","0"
"","GGN-NTT-BMW-OA - PT-01","4500083044","1466614","CTPL/24-25/338","1-Aug-24"," 69,197.23 "," 1,383.94 "," 80,268.79 ","RI/24-25/063","1-Aug-24","1400007222","0"
"","GGN-NTT-BMW-OA - PT-01","4500083044","1466614","CTPL/24-25/462","5-Sep-24"," 69,197.23 "," 1,383.94 "," 80,268.79 ","RI/24-25/063","5-Sep-24","1400008875","0"
"","GGN-NTT-BMW-OA - PT-01","4500094598","","CTPL/24-25/1040","3-Jan-24"," 84,240.00 "," 1,684.80 "," 97,718.40 ","RI/24-25/063","3-Jan-25","1400014388","0"
"","GGN-NTT-BMW-OA - PT-01","4500094598","","CTPL/24-25/1041","3-Jan-24"," 84,240.00 "," 1,684.80 "," 97,718.40 ","RI/24-25/063","3-Jan-25","1400014388","0"
"","GGN-NTT-BMW-OA - PT-01","4500094598","","CTPL/24-25/1042","3-Jan-24"," 84,240.00 "," 1,684.80 "," 97,718.40 ","RI/24-25/063","3-Jan-25","1400014388","0"
"","GGN-NTT-BMW-OA - PT-01","4500094598","","CTPL/24-25/1043","3-Jan-24"," 84,240.00 "," 1,684.80 "," 97,718.40 ","RI/25-26/006","3-Jan-25","1400014388","0"
"","GGN-NTT-BMW-OA - PT-01","4500094598","","CTPL/24-25/1467","3-Aug-25"," 84,240.00 "," 1,684.80 "," 97,718.40 ","RI/25-26/006","8-Mar-25","1400000362","0"
"","GGN-NTT-BMW-OA - PT-01","4500094598","","CTPL/24-25/1468","3-Aug-25"," 84,240.00 "," 1,684.80 "," 97,718.40 ","RI/25-26/006","8-Mar-25","1400000362","0"
"","GGN-NTT-BMW-OA - PT-01","4500094598","","CTPL/24-25/1469","3-Aug-25"," 84,240.00 "," 1,684.80 "," 97,718.40 ","RI/25-26/006","8-Mar-25","1400000362","0"
"","GGN-NTT-BMW-OA - PT-01","4500094598","","CTPL/24-25/1470","3-Aug-25"," 84,240.00 "," 1,684.80 "," 97,718.40 ","RI/25-26/006","8-Mar-25","1400000362","0"
"","NTT-Quesscorp-PT-01","4500099372","","CTPL/25-26/403","15-Jul-25"," 199,056.00 "," 3,981.12 "," 230,904.96 ","HSIT/25-26/217","13-Aug-25","1400006220","0"
"Krunal Khode Apr'25","GGN-NTT-| Abhiyantatech -PT-01","4500100039","","CTPL/25-26/417","23-Jul-25"," 73,333.00 "," 1,466.66 "," 85,066.28 ","25260085","Pending as on 30 July","","0"
"Krunal Khode May'25","GGN-NTT-| Abhiyantatech -PT-01","4500100039","","CTPL/25-26/418","23-Jul-25"," 192,500.00 "," 3,850.00 "," 223,300.00 ","25260085","Pending as on 30 July","","0"
"Krunal Khode Jun'25","GGN-NTT-| Abhiyantatech -PT-01","4500100039","","CTPL/25-26/419","23-Jul-25"," 192,500.00 "," 3,850.00 "," 223,300.00 ","25260085","Pending as on 30 July","","0"
"","GGN-NTT -PT-Finder fees","4500100130","","CTPL/25-26/420","23-Jul-25"," 85,000.00 "," 1,700.00 "," 98,600.00 ","G96/2025-26","Pending","","0"
"Mounika Nandam","GGN-NTT -PT-Finder fees","4500100034","","CTPL/25-26/446","1-Aug-25"," 108,000.00 "," 2,160.00 "," 125,280.00 ","210607280266","Pending","#N/A","0"
"Mounika Nandam","GGN-NTT -PT-Finder fees","4500100033","","CTPL/25-26/416","23-Jul-25"," 90,000.00 "," 1,800.00 "," 104,400.00 ","210607280267","Pending","#N/A","0"
"Krunal Khode Jul'25","GGN-NTT-| Abhiyantatech -PT-01","4500100039","","CTPL/25-26/447","2-Aug-25"," 192,500.00 "," 3,850.00 "," 223,300.00 ","25260090","Pending as on 30 July","","0"
"HMSI Resource Deployment- Dotnet - Alok Kumar","GGN-NTT-HMSI-DOTNET-PT-01","4500098672","","CTPL/25-26/471","5-Aug-25"," 92,040.00 "," 1,840.80 "," 106,766.40 ","160/2025-2026","Pending","","0"
"Sun Phrma - Website AMS- Ramu Verma","GGN-NTT-Sunpharma-PT-01","4500100177","","CTPL/25-26/455","4-Aug-25"," 216,125.00 "," 4,322.50 "," 250,705.00 ","2508-01","Pending","","0"
"Sun Phrma - Website AMS- Ramu Verma","GGN-NTT-Sunpharma-PT-01","4500100177","","CTPL/25-26/456","4-Aug-25"," 216,125.00 "," 4,322.50 "," 250,705.00 ","2508-02","Pending","","0"
"Sun Phrma - Website AMS- Ramu Verma","GGN-NTT-Sunpharma-PT-01","4500100177","","CTPL/25-26/457","4-Aug-25"," 216,125.00 "," 4,322.50 "," 250,705.00 ","2508-03","Pending","","0"
"Panchalal Yadav","NTT-Quesscorp-PT-01","4500099372","","CTPL/25-26/449","2-Aug-25"," 199,056.00 "," 3,981.12 "," 230,904.96 ","HSIT/25-26/234","Pending","","0"
"Sun Phrma - Website AMC ","GGN-NTT-Sunpharma-PT-01","4500095362","","CTPL/25-26/445","1-Aug-25"," 78,967.00 "," 1,579.34 "," 91,601.72 ","4349","Pending","","0"
"Panasonic Resource Deploment - Shankar Bhuyan","GGN-NTT-PANASONIC-PT-01","4500095649","","CTPL/25-26/503","13-Aug-25"," 161,289.45 "," 3,225.79 "," 187,095.76 ","210608280016","Pending","#N/A","0"
"Raptakos Resource Deployment - Mayur Ghule Jul'25","Raptakos PT","4500100053","","CTPL/25-26/508","14-Aug-25"," 94,681.65 "," 1,893.63 "," 109,830.71 ","M/2526/Jul/080","Pending","","0"