"37,936,530.26 ",""," 2,764,131 "," 42,000,980 ",""," 37,766,299.32 ",""," 4,234,658.91 ","","","","","","","","",""
"Project Details","Cost Center","Customer PO Number","Customer PO Value","Remaing Balance in PO","Vendor Name","Vendor Name","Cantik PO Date"," Cantik PO Value "," Remaining Bal In PO ","Vendor Invoice Frequency","Vendor Inv Number","Vendor Inv Date"," Vendor Inv Value Taxable "," Invoice Value Including GST "," TDS Ded "," Net Payble ","Payment Status from NTT"," Payment Value ","Payment Date"," Pending Payment ","Remarks","Cantik Invoice No","Cantik Invoice Date"," Cantik Inv Value Taxable "," Invoice Value Including GST "," TDS Ded "," Net Receivables ","Payment Recpt Date","Payment Advise No."
"Raptakos Resource Deployment - Anuj Kushwaha","Raptakos PT","4500095281","","","VRATA TECH SOLUTIONS PRIVATE LIMITED","CTPL/PO/24-25/396","27-Jan-25"," 167,143.00 ","","Monthly","MAH/464/24-25","31-Jan-25"," 33,548.00 "," 39,587.00 "," 671 "," 38,916 ","3-Jun-25"," 38,915 ","12-Mar-25"," 1 ","","CTPL/24-25/1312","5-Feb-25"," 35,225.00 "," 41,566.00 "," 705 "," 40,862 ","3-Jun-25","45605656965"
"Raptakos Resource Deployment - Anuj Kushwaha","Raptakos PT","4500095281","","","VRATA TECH SOLUTIONS PRIVATE LIMITED","CTPL/PO/24-25/396","27-Jan-25"," 167,143.00 ","","Monthly","MAH/558/24-25","28-Feb-25"," 65,000.00 "," 76,700.00 "," 1,300 "," 75,400 ","16-Apr-25"," 75,400 ","19-Apr-25"," -   ","","","","","","","","",""
"Raptakos Resource Deployment - Anuj Kushwaha","Raptakos PT","4500095281","","","VRATA TECH SOLUTIONS PRIVATE LIMITED","CTPL/PO/24-25/396","27-Jan-25"," 167,143.00 ","","Monthly","MAH/650/24-25","31-Mar-25"," 65,000.00 "," 76,700.00 "," 1,300 "," 75,400 ","28-May-25"," 75,400 ",""," -   ","","","","","","","","",""
"Raptakos Resource Deployment - Anuj Kushwaha","Raptakos PT","4500098831","","","VRATA TECH SOLUTIONS PRIVATE LIMITED","CTPL/PO/25-26/104","6-Apr-25"," 130,000.00 ","","Monthly","M/2526/Jun/024","13-Jun-25"," 65,000.00 "," 76,700.00 "," 1,300 "," 75,400 ","21-Jul-25"," 75,400 ","6-Aug-25"," -   ","Payment Sent to finance on 01 Aug 25","","","","","","","",""
"Raptakos Resource Deployment - Anuj Kushwaha","Raptakos PT","4500098831","","","VRATA TECH SOLUTIONS PRIVATE LIMITED","CTPL/PO/25-26/104","6-Apr-25"," 130,000.00 ","","Monthly","M/2526/Jun/025","13-Jun-25"," 65,000.00 "," 76,700.00 "," 1,300 "," 75,400 ","21-Jul-25"," 75,400 ","6-Aug-25"," -   ","Payment Sent to finance on 01 Aug 25","","","","","","","",""
"Panasonic Resource Deploment - Shankar Bhuyan","GGN-NTT-PANASONIC-PT-01","4500095649","","","BCT Consulting Private Limited","CTPL/PO/24-25/400","30-Jan-25"," 1,904,748.00 "," 694,189.00 ","Monthly","210502280378","28-Feb-25"," 158,729.00 "," 187,300.00 "," 15,873 "," 171,427 ","23-Apr-25"," 171,427 ","25-Apr-25"," -   ","","","","","","","","",""
"Panasonic Resource Deploment - Shankar Bhuyan","GGN-NTT-PANASONIC-PT-01","4500095649","","","BCT Consulting Private Limited","CTPL/PO/24-25/400","30-Jan-25"," 1,904,748.00 "," 694,189.00 ","Monthly","210502280376","28-Feb-25"," 31,746.00 "," 37,460.00 "," 3,175 "," 34,285 ","23-Apr-25"," 34,285 ","25-Apr-25"," -   ","","","","","","","","",""
"Panasonic Resource Deploment - Shankar Bhuyan","GGN-NTT-PANASONIC-PT-01","4500095649","","","BCT Consulting Private Limited","CTPL/PO/24-25/400","30-Jan-25"," 1,904,748.00 "," 694,189.00 ","Monthly","210502280377","28-Feb-25"," 158,729.00 "," 187,300.00 "," 15,873 "," 171,427 ","23-Apr-25"," 171,427 ","25-Apr-25"," -   ","","","","","","","","",""
"Panasonic Resource Deploment - Shankar Bhuyan","GGN-NTT-PANASONIC-PT-01","4500095649","","","BCT Consulting Private Limited","CTPL/PO/24-25/400","30-Jan-25"," 1,904,748.00 "," 694,189.00 ","Monthly","210502280218","27-Mar-25"," 124,716.00 "," 147,165.00 "," 12,472 "," 134,693 ","23-Apr-25"," 134,693 ","25-Apr-25"," -   ","","","","","","","","",""
"Panasonic Resource Deploment - Shankar Bhuyan","GGN-NTT-PANASONIC-PT-01","4500095649","","","BCT Consulting Private Limited","CTPL/PO/24-25/400","30-Jan-25"," 1,904,748.00 "," 694,189.00 ","Monthly","210604280034","16-Apr-25"," 138,248.00 "," 163,133.00 "," 13,825 "," 149,308 ","23-Apr-25"," 149,308 ","25-Apr-25"," -   ","","","","","","","","",""
"Panasonic Resource Deploment - Shankar Bhuyan","GGN-NTT-PANASONIC-PT-01","4500095649","","","BCT Consulting Private Limited","CTPL/PO/24-25/400","30-Jan-25"," 1,904,748.00 "," 694,189.00 ","Monthly","210605280035","9-May-25"," 158,729.00 "," 187,300.00 "," 15,873 "," 171,427 ","30-Jun-25"," 171,427 ","28-Jul-25"," -   ","Sent to Finance on 24 July 2025","","","","","","","",""
"Panasonic Resource Deploment - Shankar Bhuyan","GGN-NTT-PANASONIC-PT-01","4500095649","","","BCT Consulting Private Limited","CTPL/PO/24-25/400","30-Jan-25"," 1,904,748.00 "," 694,189.00 ","Monthly","210606280030","9-Jun-25"," 148,488.00 "," 175,216.00 "," 14,849 "," 160,367 ","9-Jul-25"," 160,367 ","14-Jul-25"," -   ","Sent to Finance on 11 July 2025","","","","","","","",""
"HMSI Resource Deployment- Dotnet - Alok Kumar","GGN-NTT-HMSI-DOTNET-PT-01","4500098672","","","CANTICLE TECHNOLOGIES PRIVATE LIMITED","CTPL/PO/25-26/101","2-Jun-25"," 993,446.00 ","","Monthly","86/2025-2026","2-Jun-25"," 116,876.00 "," 137,914.00 "," 2,338 "," 135,576 ","2-Jul-25"," 135,576 ","2 Jul & 15 Jul"," 0 ","","","","","","","","",""
"Services - Proxy Server Management ","BMW - OA - PT","4500083044","","","Cinesonic Audio Visual Pvt Ltd","Without PO-83044",""," 325,440.00 ","","","RI/24-25/029","5-Aug-24"," 162,720.00 "," 192,010.00 "," 3,254 "," 188,756 ","8-May-24"," 188,169 ","29-Aug-24"," 587 ","","","","","","","","",""
"Services - Proxy Server Management ","BMW - OA - PT","4500083044","","","Cinesonic Audio Visual Pvt Ltd","Without PO-83044","","","","","RI/24-25/063","4-Feb-25"," 162,720.00 "," 192,010.00 "," 3,254 "," 188,756 ","1-Aug-24"," 189,321 ","7-Feb-25"," (586)","Round off 20/- by cash in last year","","","","","","","",""
"Services - Proxy Server Management ","BMW - OA - PT","4500094598","","","Cinesonic Audio Visual Pvt Ltd","Without PO-94598",""," 433,920.00 ","","","RI/24-25/063","4-Feb-25"," 162,720.00 "," 192,010.00 "," 3,254 "," 188,756 ","1-Aug-24"," 188,755 ","7-Feb-25"," 1 ","","","","","","","","",""
"Services - Proxy Server Management ","BMW - OA - PT","4500094598","","","Cinesonic Audio Visual Pvt Ltd","Without PO-94598","","","","","RI/25-26/006","9-May-25"," 271,200.00 "," 320,016.00 "," 5,424 "," 314,592 ","3-Jan-25"," 314,592 ","11 Jun 25 & 12 Aug 25"," -   ","GST Payment released on 12 Aug 25","","","","","","","",""
"Quess Corp Resource Deployment - Yallappa Satyappa Halagodi","NTT-Quesscorp-PT-01","4500097314","","","TRIBAL SOLUTIONS CONSULTING SERVICES PVT","CTPL/PO/25-26/081","27-May-25"," 546,241.45 ","","","INV/24-25/000249","28-May-25"," 546,241.00 "," 644,564.00 "," 10,925 "," 633,639 ","21-May-25","633,640","25 Jun 25 & 28 Jul 25"," (1)","Mail to finance to release gst amount on 22 Jul 25","","","","","","","",""
"Sun Phrma - Website AMC ","Sun Phrama PT","4500095362","","","CARMATEC IT SOLUTIONS PRIVATE LIMITED","CTPL/PO/24-25/392","23-Jan-25"," 1,014,701.00 ","","Monthly","4253","27-Jan-25"," 149,950.00 "," 176,941.00 "," 2,999 "," 173,942 ","26-Feb-25","173,942","28-Feb-25"," -   ","","","","","","","","",""
"Sun Phrma - Website AMC ","Sun Phrama PT","4500095362","","","CARMATEC IT SOLUTIONS PRIVATE LIMITED","CTPL/PO/24-25/392","23-Jan-25"," 1,014,701.00 ","","Monthly","4252","27-Jan-25"," 115,000.00 "," 135,700.00 "," 2,300 "," 133,400 ","26-Feb-25","133,400","28 Feb & 29 Mar"," -   ","","","","","","","","",""
"Sun Phrma - Website AMC ","Sun Phrama PT","4500095362","","","CARMATEC IT SOLUTIONS PRIVATE LIMITED","CTPL/PO/24-25/392","23-Jan-25"," 1,014,701.00 ","","Monthly","4262","7-Feb-25"," 74,975.00 "," 88,471.00 "," 1,500 "," 86,972 ","12-Mar-25","86,971","21 Mar & 29 Mar"," 1 ","","","","","","","","",""
"Sun Phrma - Website AMC ","Sun Phrama PT","4500095362","","","CARMATEC IT SOLUTIONS PRIVATE LIMITED","CTPL/PO/24-25/392","23-Jan-25"," 1,014,701.00 ","","Monthly","4281","10-Mar-25"," 74,975.00 "," 88,471.00 "," 1,500 "," 86,972 ","16-Apr-25","86,970","29-Mar-25"," 1 ","","","","","","","","",""
"Sun Phrma - Website AMC ","Sun Phrama PT","4500095362","","","CARMATEC IT SOLUTIONS PRIVATE LIMITED","CTPL/PO/24-25/392","23-Jan-25"," 1,014,701.00 ","","Monthly","4299","2-Apr-25"," 74,975.00 "," 88,471.00 "," 1,500 "," 86,972 ","30-Apr-25","86,970","12-May-25"," 1 ","","","","","","","","",""
"Sun Phrma - Website AMC ","Sun Phrama PT","4500095362","","","CARMATEC IT SOLUTIONS PRIVATE LIMITED","CTPL/PO/24-25/392","23-Jan-25"," 1,014,701.00 ","","Monthly","4307","28-Apr-25"," 74,975.00 "," 88,471.00 "," 1,500 "," 86,972 ","2-Jul-25"," 86,971 ","15-Jul-25"," 1 ","Sent to Finance on 11 July 2025","","","","","","","",""
"Sun Phrma - Website AMC ","Sun Phrama PT","4500095362","","","CARMATEC IT SOLUTIONS PRIVATE LIMITED","CTPL/PO/24-25/392","23-Jan-25"," 1,014,701.00 ","","Monthly","4325","3-Jun-25"," 74,975.00 "," 88,471.00 "," 1,500 "," 86,972 ","31-Jul-25"," 86,971 ","13-Aug-25"," 1 ","Sent to Finance on 1 Aug 2025","","","","","","","",""
"HCIL - MDM - Soti","HCIL PT","4500092529","","","Winnovation Education Services Pvt","CTPL/PO/24-25/247","1-Oct-24"," 1,634,844.00 ","","","24-25/034","19-Dec-24"," 371,561.00 "," 438,442.00 "," 7,431 "," 431,011 ","13-Nov-24"," 381,010 ","15-Jan-25"," 50,001 ","","","","","","","","",""
"HCIL - MDM - Soti","HCIL PT","4500097684","","","Winnovation Education Services Pvt","CTPL/PO/24-25/247","1-Oct-24"," 1,634,844.00 ","","","25-26/002","4-Apr-25"," 553,175.00 "," 652,747.00 "," 11,064 "," 641,684 ","30-Apr-25"," 636,773 ","25-Jun-25"," 4,911 ","","","","","","","","",""
"HCIL - MDM - Soti","HCIL PT","4500097799","","","Winnovation Education Services Pvt","CTPL/PO/25-26/039","29-Apr-25"," 245,500.00 ","","","25-26/08","9-May-25"," 245,500.00 "," 289,690.00 "," 4,910 "," 284,780 ","21-May-25"," 289,690 ","28-May-25"," (4,910)","","","","","","","","",""
"HCIL - MDM - Soti","HCIL PT","4500100035","","","Winnovation Education Services Pvt","CTPL/PO/24-25/454","20-Mar-25"," 50,000.00 ","","","25-26/10","21-May-25"," 50,000.00 "," 59,000.00 "," 1,000 "," 58,000 ","13-Aug-25","",""," 58,000 ","4494/- Need to hold against short PT Margin","","","","","","","",""
"HCIL - ITSM & NMS","HCIL PT","4500092808","","","SeaInfonet Pvt Ltd","CTPL/PO/24-25/235","21-Sep-24"," 3,053,531.00 ","","","SEA/K0817/24-25","4-Nov-24"," 282,917.00 "," 333,842.00 "," 5,658 "," 328,184 ","#N/A","328184","20-Dec-24"," (0)","","","","","","","","",""
"HCIL - ITSM & NMS","HCIL PT","4500092808","","","SeaInfonet Pvt Ltd","CTPL/PO/24-25/235","21-Sep-24"," -   ","","","SEA/K1407/24-25","28-Mar-25"," 229,642.00 "," 270,978.00 "," 4,593 "," 266,385 ","#N/A","266385","12-May-25"," 0 ","","","","","","","","",""
"HCIL - ITSM & NMS","HCIL PT","4500092930","","","SeaInfonet Pvt Ltd","CTPL/PO/24-25/235","21-Sep-24"," -   ","","","SEA/K1407/24-25","28-Mar-25"," 12,858.00 "," 15,172.00 "," 257 "," 14,915 ","#N/A","14915","12-May-25"," (0)","","","","","","","","",""
"HCIL - ITSM & NMS","HCIL PT","4500097527","","","SeaInfonet Pvt Ltd","CTPL/PO/24-25/235","21-Sep-24"," -   ","","","SEA/K0002/24-25","1-Apr-25"," 1,050,268.00 "," 1,239,316.00 "," 21,005 "," 1,218,311 ","#N/A","1218311","1-May-25"," (0)","","","","","","","","",""
"Pay to Vendor - Finder Fee","NTT -PT -Finder Fees","4500091403","","","AUROPRO SOFT SYSTEMS PVT LTD","Without PO-1403","-"," 197,838.00 ","","","G144/2024-25","11-Sep-24"," 150,357.00 "," 177,421.00 "," 15,036 "," 162,385 ","9-Oct-24","162,386","7-Nov-24"," (1)","No PO Issue to Vendor","","","","","","","",""
"Pay to Vendor - Finder Fee","NTT -PT -Finder Fees","4500091403","","","AUROPRO SOFT SYSTEMS PVT LTD","Without PO-1403","-"," - ","","","G145/2024-25","11-Sep-24"," 47,481.00 "," 56,028.00 "," 4,748 "," 51,280 ","9-Oct-24","51,279","7-Nov-24"," 1 ","No PO Issue to Vendor","","","","","","","",""
"Pay to Vendor - Finder Fee","NTT -PT -Finder Fees","4500091408","","","AUROPRO SOFT SYSTEMS PVT LTD","Without PO-1408","-"," 637,038.00 ","","","G146/2024-25","11-Sep-24"," 118,703.00 "," 140,070.00 "," 11,870 "," 128,200 ","9-Oct-24","128,199","7-Nov-24"," 1 ","No PO Issue to Vendor","","","","","","","",""
"Pay to Vendor - Finder Fee","NTT -PT -Finder Fees","4500091408","","","AUROPRO SOFT SYSTEMS PVT LTD","Without PO-1408","-"," - ","","","G147/2024-25","11-Sep-24"," 94,962.00 "," 112,055.00 "," 9,496 "," 102,559 ","9-Oct-24","102,559","7-Nov-24"," (0)","No PO Issue to Vendor","","","","","","","",""
"Pay to Vendor - Finder Fee","NTT -PT -Finder Fees","4500091408","","","AUROPRO SOFT SYSTEMS PVT LTD","Without PO-1408","-"," - ","","","G149/2024-25","11-Sep-24"," 98,919.00 "," 116,724.00 "," 9,892 "," 106,832 ","9-Oct-24","106,833","7-Nov-24"," (1)","No PO Issue to Vendor","","","","","","","",""
"Pay to Vendor - Finder Fee","NTT -PT -Finder Fees","4500091408","","","AUROPRO SOFT SYSTEMS PVT LTD","Without PO-1408","-"," - ","","","G148/2024-25","11-Sep-24"," 98,919.00 "," 116,724.00 "," 9,892 "," 106,832 ","9-Oct-24","106,833","7-Nov-24"," (1)","No PO Issue to Vendor","","","","","","","",""
"Pay to Vendor - Finder Fee","NTT -PT -Finder Fees","4500091408","","","AUROPRO SOFT SYSTEMS PVT LTD","Without PO-1408","-"," - ","","","G150/2024-25","11-Sep-24"," 94,962.00 "," 112,055.00 "," 9,496 "," 102,559 ","9-Oct-24","102,559","7-Nov-24"," (0)","No PO Issue to Vendor","","","","","","","",""
"Pay to Vendor - Finder Fee","NTT -PT -Finder Fees","4500091408","","","AUROPRO SOFT SYSTEMS PVT LTD","Without PO-1408","-"," - ","","","G151/2024-25","11-Sep-24"," 130,573.00 "," 154,076.00 "," 13,057 "," 141,019 ","9-Oct-24","141,019","7-Nov-24"," (0)","No PO Issue to Vendor","","","","","","","",""
"","","","","","BUSYBOTS PRIVATE LIMITED","","","","","","Opening balance 1 Apr 24","",""," -   ",""," -   "," Recd. "," 411,480.00 ","18 Apr & 3 May"," (411,480)","","","","","","","","",""
"","GGN-NTT-BMW-RPA- PT 01","4500087051","","","BUSYBOTS PRIVATE LIMITED","","","","","","08/2024","25-Apr-24"," 507,000.00 "," 598,260.00 "," 50,700 "," 547,560 "," Recd. "," 547,560.00 ","3-May-24"," -   ","","","","","","","","",""
"","GGN-NTT-HMSI-RPA-PT-01","4500089409","","","BUSYBOTS PRIVATE LIMITED","","","","","","15/2024","28-Jun-24"," 500,000.00 "," 590,000.00 "," 50,000 "," 540,000 "," Recd. "," 540,000.00 ","29-Jul-24"," -   ","","","","","","","","",""
"","GGN-NTT-HMSI-RPA-PT-01","4500093384","","","BUSYBOTS PRIVATE LIMITED","","","","","","26/2024","15-Nov-24"," 600,000.00 "," 708,000.00 "," 60,000 "," 648,000 "," Recd. "," 648,000.00 ","1-Feb-25"," -   ","","","","","","","","",""
"","GGN-NTT-BMW-RPA- PT 01","4500094223","","","BUSYBOTS PRIVATE LIMITED","","","","","","29/2024","18-Jan-25"," 600,000.00 "," 708,000.00 "," 60,000 "," 648,000 "," Recd. "," 648,000.00 ","1 Feb & 30 Jun"," -   ","","","","","","","","",""
"","GGN-NTT-HMSI-RPA-PT-01","4500097505","","","BUSYBOTS PRIVATE LIMITED","","","","","","42/2024","19-Mar-25"," 600,000.00 "," 708,000.00 "," 60,000 "," 648,000 "," Recd. "," 648,000.00 ","25-Apr-25"," -   ","","","","","","","","",""
"","GGN-NTT-HMSI-RPA-PT-01","4500083659","","","BUSYBOTS PRIVATE LIMITED","","","","","","10/2024","30-Apr-24"," 127,000.00 "," 149,860.00 "," 12,700 "," 137,160 "," Recd. "," 137,160.00 ","3-May-24"," -   ","","","","","","","","",""
"","GGN-NTT-HMSI-RPA-PT-01","4500083659","","","BUSYBOTS PRIVATE LIMITED","","","","","","11/2024","31-May-24"," 127,000.00 "," 149,860.00 "," 12,700 "," 137,160 "," Recd. "," 137,160.00 ","10-Jul-24"," -   ","","","","","","","","",""
"","GGN-NTT-HMSI-RPA-PT-01","4500083659","","","BUSYBOTS PRIVATE LIMITED","","","","","","14/2024","28-Jun-24"," 127,000.00 "," 149,860.00 "," 12,700 "," 137,160 "," Recd. "," 137,160.00 ","2-Aug-24"," -   ","","","","","","","","",""
"","GGN-NTT-HMSI-RPA-PT-01","4500083659","","","BUSYBOTS PRIVATE LIMITED","","","","","","17/2024","31-Jul-24"," 127,000.00 "," 149,860.00 "," 12,700 "," 137,160 "," Recd. "," 137,160.00 ","4-Sep-24"," -   ","","","","","","","","",""
"","GGN-NTT-HMSI-RPA-PT-01","4500083659","","","BUSYBOTS PRIVATE LIMITED","","","","","","19/2024","31-Aug-24"," 127,000.00 "," 149,860.00 "," 12,700 "," 137,160 "," Recd. "," 137,160.00 ","20-Dec-24"," -   ","","","","","","","","",""
"","GGN-NTT-BMW-RPA- PT 01","4500083659","","","BUSYBOTS PRIVATE LIMITED","","","","","","21/2024","30-Sep-24"," 127,000.00 "," 149,860.00 "," 12,700 "," 137,160 "," Recd. "," 137,160.00 ","20-Dec-24"," -   ","","","","","","","","",""
"","GGN-NTT-BMW-RPA- PT 01","4500093722","","","BUSYBOTS PRIVATE LIMITED","","","","","","23/2024","16-Oct-24"," 428,145.00 "," 505,211.00 "," 42,815 "," 462,397 "," Recd. "," 462,396.00 ","20 Dec or 15 Jan"," 1 ","","","","","","","","",""
"","GGN-NTT-HMSI-RPA-PT-01","4500083659","","","BUSYBOTS PRIVATE LIMITED","","","","","","25/2024","4-Nov-24"," 127,000.00 "," 149,860.00 "," 12,700 "," 137,160 "," Recd. "," 137,160.00 ","30-Jan-25"," -   ","","","","","","","","",""
"","NTT-BMW- BMW-penetration Testing  - PT-0","4500094574","","","BUSYBOTS PRIVATE LIMITED","","","","","","30/2024","18-Jan-25"," 292,000.00 "," 344,560.00 "," 29,200 "," 315,360 "," Recd. "," 315,360.00 ","20-Feb-25"," -   ","","","","","","","","",""
"","NTT-BMW- BMW-penetration Testing  - PT-0","4500094574","","","BUSYBOTS PRIVATE LIMITED","","","","","","37/2024","4-Feb-25"," 146,000.00 "," 172,280.00 "," 14,600 "," 157,680 "," Recd. "," 157,680.00 ","30-Jan-25"," -   ","","","","","","","","",""
"","NTT-BMW- BMW-penetration Testing  - PT-0","4500093723","","","BUSYBOTS PRIVATE LIMITED","","","","","","38/2024","24-Feb-25"," 486,910.00 "," 574,554.00 "," 48,691 "," 525,863 "," Recd. "," 525,863.00 ","30-Jan-25"," -   ","","","","","","","","",""
"","GGN-NTT-HMSI-RPA-PT-01","4500094574","","","BUSYBOTS PRIVATE LIMITED","","","","","","39/2024","1-Mar-25"," 146,000.00 "," 172,280.00 "," 14,600 "," 157,680 "," Recd. "," 157,680.00 ","30-Jan-25"," -   ","","","","","","","","",""
"","GGN-NTT-HMSI-RPA-PT-01","4500094574","","","BUSYBOTS PRIVATE LIMITED","","","","","","41/2024","19-Mar-25"," 146,000.00 "," 172,280.00 "," 14,600 "," 157,680 "," Recd. "," 157,680.00 ","12-Mar-25"," -   ","","","","","","","","",""
"","GGN-NTT-HMSI-RPA-PT-01","4500093705","","","BUSYBOTS PRIVATE LIMITED","","","","","","43/2024","21-Mar-25"," 435,448.00 "," 513,829.00 "," 43,545 "," 470,284 "," Recd. "," 470,284.00 ","12 May & 11 June & 30 Jun"," 0 ","","","","","","","","",""
"","GGN-NTT-BMW-RPA- PT 01","4500094807","","","BUSYBOTS PRIVATE LIMITED","","","","","","33/2024","23-Jan-25"," 237,500.00 "," 280,250.00 "," 23,750 "," 256,500 "," Recd. "," 256,500.00 ","11-Jun-25"," -   ","","","","","","","","",""
"","GGN-NTT-HMSI-RPA-PT-01","4500095010","","","BUSYBOTS PRIVATE LIMITED","","","","","","32/2024","23-Jan-25"," 237,500.00 "," 280,250.00 "," 23,750 "," 256,500 "," Recd. "," 256,500.00 ","11-Jun-25"," -   ","","","","","","","","",""
"","GGN-NTT-HMSI-RPA-PT-01","4500095007","","","BUSYBOTS PRIVATE LIMITED","","","","","","34/2024","23-Jan-25"," 380,000.00 "," 448,400.00 "," 38,000 "," 410,400 "," Recd. "," 410,400.00 ","15 Jan & 11 June"," -   ","","","","","","","","",""
"","GGN-NTT-HMSI-RPA-PT-01","4500094574","","","BUSYBOTS PRIVATE LIMITED","","","","","","46/2025","1-May-25"," 146,000.00 "," 172,280.00 "," 14,600 "," 157,680 "," Recd. "," 157,680.00 ","1-Jul-25"," -   ","Sent to Finance on 01 July 2025","","","","","","","",""
"","GGN-NTT-BMW-RPA- PT 01","4500097457","","","BUSYBOTS PRIVATE LIMITED","","","","","","47/2025","13-May-25"," 36,178.00 "," 42,690.00 "," 3,618 "," 39,072 "," Recd. "," 39,072.00 ","11-Jun-25"," 0 ","","","","","","","","",""
"","GGN-NTT-HMSI-PT-01","4500089309","","","Highsky IT Solutions Private Limited","","","","","","HSIT/24-25/138","13-Jun-24"," 1,698,647.00 "," 2,004,403.00 "," 33,973 "," 1,970,430 "," Recd. "," 1,970,430 ","27-Jul-24"," 0 ","","","","","","","","",""
"","GGN-NTT-KTFL-PT-01","4500090795","","","Highsky IT Solutions Private Limited","","","","","","HSIT/24-25/224","21-Nov-24"," 415,266.00 "," 490,014.00 "," 8,305 "," 481,709 "," Recd. ","481,708.00","30 Dec & 15 Jan 25"," 1 ","","","","","","","","",""
"","GGN-NTT-KTFL-PT-01","4500090771-1","","","Highsky IT Solutions Private Limited","","","","","","HSIT/24-25/224","21-Nov-24"," 662,015.00 "," 781,178.00 "," 13,240 "," 767,938 "," Recd. ","767,937.00","30 Dec & 15 Jan 25"," 1 ","Highsky & Kaparthi Common PO","","","","","","","",""
"","GGN-NTT-KTFL-PT-01","4500093849","","","Highsky IT Solutions Private Limited","","","","","","HSIT/24-25/276","15-Jan-25"," 379,155.00 "," 447,403.00 "," 7,583 "," 439,820 "," Recd. ","439,819.00","20-Feb-25"," 1 ","","","","","","","","",""
"","GGN-NTT-KTFL-PT-01","4500090795","","","Highsky IT Solutions Private Limited","","","","","","HSIT/24-25/314","27-Feb-25"," 207,632.00 "," 245,006.00 "," 4,153 "," 240,853 "," Recd. ","240,853.00","28 Feb & 31 Mar & 19 Apr"," 0 ","","","","","","","","",""
"","GGN-NTT-KTFL-PT-01","Duplicate Invoice for Oct'24 For Chandershekhar & Shriniwas","","","Highsky IT Solutions Private Limited","","","","","","HSIT/24-25/314","27-Feb-25"," 103,816.00 "," 122,503.00 "," 2,076 "," 120,427 "," Recd. ","120,427.00","28 Feb & 31 Mar & 19 Apr"," (0)","Dupilcate Invoice submit by vendor, will get the Credit note for the same","","","","","","","",""
"","GGN-NTT-KTFL-PT-01","Duplicate Invoice for Oct'24 For Chandershekhar & Shriniwas","","","Highsky IT Solutions Private Limited","","","","","","HSIT/24-25/314","27-Feb-25"," 126,385.00 "," 149,134.00 "," 2,528 "," 146,606 "," Recd. ","146,607.00","28 Feb & 31 Mar & 19 Apr"," (1)","Dupilcate Invoice submit by vendor, will get the Credit note for the same","","","","","","","",""
"","GGN-NTT-KTFL-PT-01","4500094640-1","","","Highsky IT Solutions Private Limited","","","","","","HSIT/24-25/314","27-Feb-25"," 252,770.00 "," 298,269.00 "," 5,055 "," 293,214 "," Recd. ","293,213.00","28 Feb & 31 Mar & 19 Apr"," 1 ","Highsky & Kaparthi Common PO","","","","","","","",""
"","GGN-NTT-KTFL-PT-01","4500096735-1","","","Highsky IT Solutions Private Limited","","","","","","HSIT/24-25/356","29-Mar-25"," 97,440.00 "," 114,979.00 "," 1,949 "," 113,030 "," Recd. ","113,030.00","19 Apr & 25 Apr"," 0 ","","","","","","","","",""
"","GGN-NTT-KTFL-PT-01","4500096735-1","","","Highsky IT Solutions Private Limited","","","","","","HSIT/24-25/357","29-Mar-25"," 120,366.00 "," 142,032.00 "," 2,407 "," 139,625 "," Recd. ","139,625.00","25-Apr-25"," (0)","","","","","","","","",""
"","GGN-NTT-Mylan-PT-01","4500093610","","","Highsky IT Solutions Private Limited","","","","","","HSIT/24-25/287","30-Jan-25"," 293,143.00 "," 345,909.00 "," 5,863 "," 340,046 "," Recd. ","340,046.00","12-May-25"," 0 ","","","","","","","","",""
"","GGN-NTT-KTFL-PT-01","4500090795","","","Highsky IT Solutions Private Limited","","","","","","HSIT/24-25/356","29-Mar-25"," 103,816.00 "," 122,503.00 "," 2,076 "," 120,427 "," Recd. ","120,427.00","19 Apr & 25 Apr"," (0)","","","","","","","","",""
"","GGN-NTT-KTFL-PT-01","4500090795","","","Highsky IT Solutions Private Limited","","","","","","HSIT/24-25/357","29-Mar-25"," 103,816.00 "," 122,503.00 "," 2,076 "," 120,427 "," Recd. ","120,427.00","25-Apr-25"," (0)","","","","","","","","",""
"","GGN-NTT-Mylan-PT-01","4500096896","","","Highsky IT Solutions Private Limited","","","","","","HSIT/24-25/356","29-Mar-25"," 171,000.00 "," 201,780.00 "," 3,420 "," 198,360 "," Recd. ","198,360.00","12-May-25"," -   ","","","","","","","","",""
"","GGN-NTT-Mylan-PT-01","4500096896","","","Highsky IT Solutions Private Limited","","","","","","HSIT/24-25/357","29-Mar-25"," 171,000.66 "," 201,781.00 "," 3,420 "," 198,361 "," Recd. ","198,361.00","12 May & 11 June & 30 Jun"," (0)","","","","","","","","",""
"","GGN-NTT-KTFL-PT-01","4500096735-1","","","Highsky IT Solutions Private Limited","","","","","","HSIT/25-26/109","12-Apr-25"," 126,385.00 "," 149,134.00 "," 2,528 "," 146,606 "," Recd. ","146,607.00","11-Jun-25"," (1)","","","","","","","","",""
"","GGN-NTT-KTFL-PT-01","4500090795","","","Highsky IT Solutions Private Limited","","","","","","HSIT/25-26/109","12-Apr-25"," 103,816.00 "," 122,503.00 "," 2,076 "," 120,427 "," Recd. ","120,427.00","11-Jun-25"," (0)","","","","","","","","",""
"","GGN-NTT-Mylan-PT-01","4500096896","","","Highsky IT Solutions Private Limited","","","","","","HSIT/25-26/109","12-Apr-25"," 171,000.00 "," 201,780.00 "," 3,420 "," 198,360 "," Recd. ","146,632.00","11 Jun 25 & 14 Aug 25"," 51,728 ","Payment adjust against (Credit Note-8) Pending due to duplicate invoice for the month of Oct'24 in Vendor Invoice HSIT/24-25/314 Paid 62242/- on 14 Aug 25","","","","","","","",""
"","GGN-NTT-KTFL-PT-01","4500088398","","","KAPARTHI CONSULTANCY SERVICES","","","","","","KCS/24-2025/006","21-May-24"," 253,448.28 "," 299,069.00 "," 25,345 "," 273,724 ","","273,724.00",""," -   ","Paid","","","","","","","",""
"","GGN-NTT-KTFL-PT-01","4500088398","","","KAPARTHI CONSULTANCY SERVICES","","","","","","KCS/24-2025/007","21-May-24"," 592,741.94 "," 699,435.00 "," 59,274 "," 640,161 ","","640,161",""," -   ","Paid","","","","","","","",""
"","GGN-NTT-KTFL-PT-01","4500088398","","","KAPARTHI CONSULTANCY SERVICES","","","","","","KCS/24-2025/008","21-May-24"," 762,000.00 "," 899,160.00 "," 76,200 "," 822,960 ","","822,960.00",""," -   ","Paid","","","","","","","",""
"","GGN-NTT-KTFL-PT-01","4500088323","","","KAPARTHI CONSULTANCY SERVICES","","","","","","KCS/24-2025/009","5-Jun-24"," 965,000.00 "," 1,138,700.00 "," 96,500 "," 1,042,200 ",""," 1,042,200 ",""," -   ","Paid","","","","","","","",""
"","GGN-NTT-KTFL-PT-01","4500089164","","","KAPARTHI CONSULTANCY SERVICES","","","","","","KCS/24-2025/010","9-Jun-24"," 209,843.00 "," 247,615.00 "," 20,984 "," 226,631 ","","226,630",""," 1 ","Paid","","","","","","","",""
"","GGN-NTT-KTFL-PT-01","4500089649","","","KAPARTHI CONSULTANCY SERVICES","","","","","","KCS/24-2025/013","11-Jul-24"," 245,000.00 "," 289,100.00 "," 24,500 "," 264,600 ","","264,600",""," -   ","Paid","","","","","","","",""
"","GGN-NTT-KTFL-PT-01","4500088398","","","KAPARTHI CONSULTANCY SERVICES","","","","","","KCS/24-2025/011","11-Jul-24"," 647,789.00 "," 764,391.00 "," 64,779 "," 699,612 ","","699,612.00",""," -   ","Paid","","","","","","","",""
"","GGN-NTT-KTFL-PT-01","4500088323","","","KAPARTHI CONSULTANCY SERVICES","","","","","","KCS/24-2025/012","11-Jul-24"," 290,000.00 "," 342,200.00 "," 29,000 "," 313,200 ",""," 313,200 ",""," -   ","Paid","","","","","","","",""
"","GGN-NTT-KTFL-PT-01","4500089164","","","KAPARTHI CONSULTANCY SERVICES","","","","","","KCS/24-2025/014","11-Jul-24"," 56,387.00 "," 66,537.00 "," 5,639 "," 60,898 ",""," 60,898 ",""," -   ","Paid","","","","","","","",""
"","GGN-NTT-KTFL-PT-01","4500089164","","","KAPARTHI CONSULTANCY SERVICES","","","","","","KCS/24-2025/015","28-Jul-24"," 42,272.00 "," 49,881.00 "," 4,227 "," 45,654 ",""," 45,654 ",""," -   ","Paid","","","","","","","",""
"","GGN-NTT-KTFL-PT-01","4500088397","","","KAPARTHI CONSULTANCY SERVICES","","","","","","KCS/24-2025/016","1-Aug-24"," 675,000.00 "," 796,500.00 "," 67,500 "," 729,000 ",""," 729,000 ",""," -   ","Paid","","","","","","","",""
"","GGN-NTT-KTFL-PT-01","4500088323","","","KAPARTHI CONSULTANCY SERVICES","","","","","","KCS/24-2025/017","1-Aug-24"," 188,387.00 "," 222,297.00 "," 18,839 "," 203,458 ",""," 203,458 ",""," -   ","Paid","","","","","","","",""
"","GGN-NTT-KTFL-PT-01","4500089649","","","KAPARTHI CONSULTANCY SERVICES","","","","","","KCS/24-2025/018","1-Aug-24"," 300,000.00 "," 354,000.00 "," 30,000 "," 324,000 ",""," 324,000 ",""," -   ","Paid","","","","","","","",""
"","GGN-NTT-KTFL-PT-01","4500090771","","","KAPARTHI CONSULTANCY SERVICES","","","","","","KCS/24-2025/019","1-Aug-24"," 116,129.00 "," 137,032.00 "," 11,613 "," 125,419 ",""," 125,419 ",""," -   ","Paid","","","","","","","",""
"","GGN-NTT-KTFL-PT-01","4500089164","","","KAPARTHI CONSULTANCY SERVICES","","","","","","KCS/24-2025/020","9-Aug-24"," 35,723.00 "," 42,153.00 "," 3,572 "," 38,581 ",""," 38,581 ",""," -   ","Paid","","","","","","","",""
"","GGN-NTT-KTFL-PT-01","4500089164","","","KAPARTHI CONSULTANCY SERVICES","","","","","","KCS/24-2025/021","30-Aug-24"," 72,192.00 "," 85,187.00 "," 7,219 "," 77,968 ",""," 77,967 ",""," 1 ","Paid","","","","","","","",""
"","GGN-NTT-KTFL-PT-01","4500088397","","","KAPARTHI CONSULTANCY SERVICES","","","","","","KCS/24-2025/022","2-Sep-24"," 675,000.00 "," 796,500.00 "," 67,500 "," 729,000 ",""," 729,000 ",""," -   ","Paid","","","","","","","",""
"","GGN-NTT-KTFL-PT-01","4500088323","","","KAPARTHI CONSULTANCY SERVICES","","","","","","KCS/24-2025/023","2-Sep-24"," 140,000.00 "," 165,200.00 "," 14,000 "," 151,200 ",""," 151,200 ",""," -   ","Paid","","","","","","","",""
"","GGN-NTT-KTFL-PT-01","4500089649","","","KAPARTHI CONSULTANCY SERVICES","","","","","","KCS/24-2025/024","2-Sep-24"," 300,000.00 "," 354,000.00 "," 30,000 "," 324,000 ",""," 321,570 ",""," 2,430 ","Additional PO Required","","","","","","","",""
"","GGN-NTT-KTFL-PT-01","4500090771","","","KAPARTHI CONSULTANCY SERVICES","","","","","","KCS/24-2025/025","6-Sep-24"," 150,000.00 "," 177,000.00 "," 15,000 "," 162,000 ",""," 162,000 ",""," -   ","Paid","","","","","","","",""
"","GGN-NTT-KTFL-PT-01","4500089164","","","KAPARTHI CONSULTANCY SERVICES","","","","","","KCS/24-2025/026","14-Sep-24"," 37,988.00 "," 44,826.00 "," 3,799 "," 41,027 ",""," 41,028 ",""," (1)","Paid","","","","","","","",""
"","GGN-NTT-KTFL-PT-01","4500088397","","","KAPARTHI CONSULTANCY SERVICES","","","","","","KCS/24-2025/027","26-Sep-24"," 35,369.00 "," 41,735.00 "," 3,537 "," 38,198 ",""," 38,199 ",""," (1)","Paid","","","","","","","",""
"","GGN-NTT-KTFL-PT-01","4500088397","","","KAPARTHI CONSULTANCY SERVICES","","","","","","KCS/24-2025/028","2-Oct-24"," 675,000.00 "," 796,500.00 "," 67,500 "," 729,000 ",""," 729,000 ",""," -   ","Paid","","","","","","","",""
"","GGN-NTT-KTFL-PT-01","4500090771","","","KAPARTHI CONSULTANCY SERVICES","","","","","","KCS/24-2025/031","2-Oct-24"," 75,000.00 "," 88,500.00 "," 7,500 "," 81,000 ",""," 81,000 ",""," -   ","Paid","","","","","","","",""
"","GGN-NTT-KTFL-PT-01","4500089649","","","KAPARTHI CONSULTANCY SERVICES","","","","","","KCS/24-2025/030","2-Oct-24"," 300,000.00 "," 354,000.00 "," 30,000 "," 324,000 ",""," 324,000 ",""," -   ","Paid","","","","","","","",""
"","GGN-NTT-KTFL-PT-01","4500088323","","","KAPARTHI CONSULTANCY SERVICES","","","","","","KCS/24-2025/029","2-Oct-24"," 140,000.00 "," 165,200.00 "," 14,000 "," 151,200 ",""," 151,200 ",""," -   ","Paid","","","","","","","",""
"","GGN-NTT-KTFL-PT-01","4500089164","","","KAPARTHI CONSULTANCY SERVICES","","","","","","KCS/24-2025/032","12-Oct-24"," 49,417.00 "," 58,312.00 "," 4,942 "," 53,370 ",""," 53,370 ",""," -   ","Paid","","","","","","","",""
"","GGN-NTT-KTFL-PT-01","4500094640","","","KAPARTHI CONSULTANCY SERVICES","","","","","","KCS/24-2025/036","6-Nov-24"," 300,000.00 "," 354,000.00 "," 30,000 "," 324,000 ",""," 307,800 ",""," 16,200 ","Additional PO Required","","","","","","","",""
"","GGN-NTT-KTFL-PT-01","4500088323","","","KAPARTHI CONSULTANCY SERVICES","","","","","","KCS/24-2025/035","6-Nov-24"," 140,000.00 "," 165,200.00 "," 14,000 "," 151,200 ",""," 151,200 ",""," -   ","Paid","","","","","","","",""
"","GGN-NTT-KTFL-PT-01","4500094642","","","KAPARTHI CONSULTANCY SERVICES","","","","","","KCS/24-2025/034","6-Nov-24"," 675,000.00 "," 796,500.00 "," 67,500 "," 729,000 ",""," 719,028 ",""," 9,972 ","Additional PO Required","","","","","","","",""
"","GGN-NTT-KTFL-PT-01","4500088397","","","KAPARTHI CONSULTANCY SERVICES","","","","","","KCS/24-2025/033","6-Nov-24"," 42,534.00 "," 50,190.00 "," 4,253 "," 45,937 ",""," 45,937 ",""," -   ","Paid","","","","","","","",""
"","GGN-NTT-KTFL-PT-01","4500088397","","","KAPARTHI CONSULTANCY SERVICES","","","","","","KCS/24-2025/037","28-Nov-24"," 66,213.00 "," 78,131.00 "," 6,621 "," 71,510 ",""," 71,510 ",""," -   ","Paid","","","","","","","",""
"","GGN-NTT-KTFL-PT-01","4500094640","","","KAPARTHI CONSULTANCY SERVICES","","","","","","KCS/24-2025/039","3-Dec-24"," 140,000.00 "," 165,200.00 "," 14,000 "," 151,200 ",""," 145,476 ",""," 5,724 ","Additional PO Required","","","","","","","",""
"","GGN-NTT-KTFL-PT-01","4500094642","","","KAPARTHI CONSULTANCY SERVICES","","","","","","KCS/24-2025/038","3-Dec-24"," 600,000.00 "," 708,000.00 "," 60,000 "," 648,000 ",""," 647,676 ",""," 324 ","Additional PO Required","","","","","","","",""
"","GGN-NTT-KTFL-PT-01","4500094640","","","KAPARTHI CONSULTANCY SERVICES","","","","","","KCS/24-2025/040","3-Dec-24"," 300,000.00 "," 354,000.00 "," 30,000 "," 324,000 ",""," 307,800 ",""," 16,200 ","Additional PO Required","","","","","","","",""
"","GGN-NTT-KTFL-PT-01","4500088397","","","KAPARTHI CONSULTANCY SERVICES","","","","","","KCS/24-2025/041","15-Dec-24"," 54,258.00 "," 64,024.00 "," 5,426 "," 58,598 ",""," 58,599 ",""," (1)","Paid","","","","","","","",""
"","GGN-NTT-KTFL-PT-01","4500088397","","","KAPARTHI CONSULTANCY SERVICES","","","","","","KCS/24-2025/043","29-Dec-24"," 66,200.00 "," 78,116.00 "," 6,620 "," 71,496 ",""," 71,496 ",""," -   ","Paid","","","","","","","",""
"","GGN-NTT-KTFL-PT-01","4500094642","","","KAPARTHI CONSULTANCY SERVICES","","","","","","KCS/24-2025/044","8-Jan-25"," 625,000.00 "," 737,500.00 "," 62,500 "," 675,000 ",""," 675,000 ",""," -   ","Paid","","","","","","","",""
"","GGN-NTT-KTFL-PT-01","4500094640","","","KAPARTHI CONSULTANCY SERVICES","","","","","","KCS/24-2025/046","8-Jan-25"," 150,000.00 "," 177,000.00 "," 15,000 "," 162,000 ",""," 162,000 ",""," -   ","Paid","","","","","","","",""
"","GGN-NTT-KTFL-PT-01","4500094640","","","KAPARTHI CONSULTANCY SERVICES","","","","","","KCS/24-2025/045","8-Jan-25"," 140,000.00 "," 165,200.00 "," 14,000 "," 151,200 ",""," 151,200 ",""," -   ","Paid","","","","","","","",""
"","GGN-NTT-KTFL-PT-01","4500098208","","","KAPARTHI CONSULTANCY SERVICES","","","","","","KCS/24-2025/047","8-Jan-25"," 68,254.00 "," 80,540.00 "," 6,825 "," 73,715 ",""," 73,714 ",""," 1 ","Paid","","","","","","","",""
"","GGN-NTT-KTFL-PT-01","4500098208","","","KAPARTHI CONSULTANCY SERVICES","","","","","","KCS/24-2025/048","30-Jan-25"," 113,175.00 "," 133,547.00 "," 11,318 "," 122,230 ",""," 122,229 ",""," 1 ","Paid","","","","","","","",""
"","GGN-NTT-KTFL-PT-01","4500096735","","","KAPARTHI CONSULTANCY SERVICES","","","","","","KCS/24-2025/051","2-Feb-25"," 150,000.00 "," 177,000.00 "," 15,000 "," 162,000 ",""," 123,043 ",""," 38,957 ","Additional PO Required","","","","","","","",""
"","GGN-NTT-KTFL-PT-01","4500096736","","","KAPARTHI CONSULTANCY SERVICES","","","","","","KCS/24-2025/049","2-Feb-25"," 625,000.00 "," 737,500.00 "," 62,500 "," 675,000 ",""," 526,886 ",""," 148,114 ","Additional PO Required","","","","","","","",""
"","GGN-NTT-KTFL-PT-01","4500096735","","","KAPARTHI CONSULTANCY SERVICES","","","","","","KCS/24-2025/050","4-Feb-25"," 140,000.00 "," 165,200.00 "," 14,000 "," 151,200 ",""," 116,370 ",""," 34,830 ","Additional PO Required","","","","","","","",""
"","GGN-NTT-KTFL-PT-01","4500098208","","","KAPARTHI CONSULTANCY SERVICES","","","","","","KCS/24-2025/052","23-Feb-25"," 127,102.00 "," 149,980.00 "," 12,710 "," 137,270 ",""," 137,270 ",""," -   ","Paid","","","","","","","",""
"","GGN-NTT-KTFL-PT-01","4500096736","","","KAPARTHI CONSULTANCY SERVICES","","","","","","KCS/24-2025/053","2-Mar-25"," 625,000.00 "," 737,500.00 "," 62,500 "," 675,000 ",""," 658,800 ",""," 16,200 ","Additional PO Required","","","","","","","",""
"","GGN-NTT-KTFL-PT-01","4500096735","","","KAPARTHI CONSULTANCY SERVICES","","","","","","KCS/24-2025/055","2-Mar-25"," 150,000.00 "," 177,000.00 "," 15,000 "," 162,000 ",""," 153,900 ",""," 8,100 ","Additional PO Required","","","","","","","",""
"","GGN-NTT-KTFL-PT-01","4500096735","","","KAPARTHI CONSULTANCY SERVICES","","","","","","KCS/24-2025/054","2-Mar-25"," 140,000.00 "," 165,200.00 "," 14,000 "," 151,200 ",""," 145,530 ",""," 5,670 ","Additional PO Required","","","","","","","",""
"","GGN-NTT-KTFL-PT-01","4500098208","","","KAPARTHI CONSULTANCY SERVICES","","","","","","KCS/24-2025/056","2-Mar-25"," 118,462.00 "," 139,785.00 "," 11,846 "," 127,939 ",""," -   ",""," 127,939 ","CN Issue for the same","","","","","","","",""
"","GGN-NTT-KTFL-PT-01","4500098208","","","KAPARTHI CONSULTANCY SERVICES","","","","","","KCS/24-2025/057","5-Mar-25"," 79,301.00 "," 93,575.00 "," 7,930 "," 85,645 ",""," -   ",""," 85,645 ","CN Issue for the same","","","","","","","",""
"","GGN-NTT-KTFL-PT-01","4500098208","","","KAPARTHI CONSULTANCY SERVICES","","","","","","KCS/24-2025/058","15-Mar-25"," 51,549.00 "," 60,828.00 "," 5,155 "," 55,673 ",""," 55,673 ",""," -   ","Paid","","","","","","","",""
"","GGN-NTT-KTFL-PT-01","4500098208","","","KAPARTHI CONSULTANCY SERVICES","","","","","","KCS/24-2025/059","29-Mar-25"," 55,507.00 "," 65,498.00 "," 5,551 "," 59,947 ",""," 59,948 ",""," (1)","Paid","","","","","","","",""
"","GGN-NTT-KTFL-PT-01","Against Credit Note","","","KAPARTHI CONSULTANCY SERVICES","","","","","","Credit Note -1","31-Mar-25"," (1,096,429.00)"," (1,293,786.00)"," (109,643)"," (1,184,143)",""," -   ",""," (1,184,143)","CN Issue for the same","","","","","","","",""
"","GGN-NTT-KTFL-PT-01","PO not received","","","KAPARTHI CONSULTANCY SERVICES","","","","","","KCS/25-2026/004","9-Apr-25"," 50,318.00 "," 59,375.00 "," 5,032 "," 54,343 ",""," -   ",""," 54,343 ","PO not received","","","","","","","",""
"","GGN-NTT-KTFL-PT-01","4500096735","","","KAPARTHI CONSULTANCY SERVICES","","","","","","KCS/25-2026/003","9-Apr-25"," 150,000.00 "," 177,000.00 "," 15,000 "," 162,000 ",""," 153,900 ",""," 8,100 ","Additional PO Required","","","","","","","",""
"","GGN-NTT-KTFL-PT-01","4500096735","","","KAPARTHI CONSULTANCY SERVICES","","","","","","KCS/25-2026/002","9-Apr-25"," 140,000.00 "," 165,200.00 "," 14,000 "," 151,200 ",""," 145,530 ",""," 5,670 ","Additional PO Required","","","","","","","",""
"","GGN-NTT-KTFL-PT-01","4500096736","","","KAPARTHI CONSULTANCY SERVICES","","","","","","KCS/25-2026/001","9-Apr-25"," 625,000.00 "," 737,500.00 "," 62,500 "," 675,000 ",""," 509,046 ",""," 165,954 ","Additional PO Required","","","","","","","",""
"","GGN-NTT-KTFL-PT-01","Against Credit Note","","","KAPARTHI CONSULTANCY SERVICES","","","","","","KCS/25-2026/005","15-Apr-25"," 1,096,429.00 "," 1,293,786.00 "," 109,643 "," 1,184,143 ",""," -   ",""," 1,184,143 ","CN Issue for the same","","","","","","","",""
"","GGN-NTT-KTFL-PT-01","4500098208","","","KAPARTHI CONSULTANCY SERVICES","","","","","","KCS/25-2026/006","16-Apr-25"," 40,837.00 "," 48,188.00 "," 4,084 "," 44,104 ",""," 44,104 ",""," -   ","Paid","","","","","","","",""
"","GGN-NTT-KTFL-PT-01","PO not received","","","KAPARTHI CONSULTANCY SERVICES","","","","","","KCS/25-2026/007","28-Apr-25"," 40,769.00 "," 48,107.00 "," 4,077 "," 44,030 ",""," -   ",""," 44,030 ","PO not received","","","","","","","",""
"Saurabh Jamburgekar  Sreedhar Katakam
","GGN-NTT-KTFL-PT-01","4500100823","","","KAPARTHI CONSULTANCY SERVICES","CTPL/PO/24-25/228","13-Aug-25"," 625,000.00 ","","Monthly","KCS/25-2026/008","3-May-25"," 625,000.00 "," 737,500.00 "," 62,500 "," 675,000 ",""," -   ",""," 675,000 ","Payment pending from NTT","","","","","","","",""
"","GGN-NTT-KTFL-PT-01","4500098208","","","KAPARTHI CONSULTANCY SERVICES","","","","","","Credit Note KCS/25-2026/056","18-Jun-25"," (118,462.00)"," (139,785.00)"," (11,846)"," (127,939)",""," -   ",""," (127,939)","","","","","","","","",""
"","GGN-NTT-KTFL-PT-01","4500098208","","","KAPARTHI CONSULTANCY SERVICES","","","","","","KCS/25-2026/011","9-Jul-25"," 120,000.00 "," 141,600.00 "," 12,000 "," 129,600 ",""," -   ",""," 129,600 ","","","","","","","","",""
"","QuessCorp","4500099372","","","Highsky IT Solutions Private Limited","CTPL/PO/25-26/139","15-Jun-25"," 1,299,957.00 ","","Monthly","HSIT/25-26/202","2-Jul-25"," 352,072.00 "," 415,445.00 "," 7,041 "," 408,404 ","30-Jul-25"," 408,404 ","13-Aug-25"," -   ","","","","","","","","",""
"HMSI Resource Deployment- Dotnet - Alok Kumar","GGN-NTT-HMSI-DOTNET-PT-01","4500098672","","","CANTICLE TECHNOLOGIES PRIVATE LIMITED","CTPL/PO/25-26/101","2-Jun-25"," 993,446.00 ","","Monthly","132/2025-2026","2-Jul-25"," 87,657.00 "," 103,435.00 "," 1,753 "," 101,682 ","30-Jul-25"," 101,434 ","6-Aug-25"," 248 ","Payment Sent to Finance 01 Aug 25","","","","","","","",""
"Pay to Vendor - Finder Fee","NTT -PT -Finder Fees","4500092198","","","AUROPRO SOFT SYSTEMS PVT LTD","CTPL/PO/25-26/140","27-06-2025"," 160,000.00 ","","","G90/2025-26","8-Jul-25"," 160,000.00 "," 188,800.00 "," 16,000 "," 172,800 ","6-Nov-24"," 172,800 ","15-Jul-25"," -   ","Invoice to NTT is already raised last year……payment has to be released","","","","","","","",""
"Sun Phrma - Website AMC ","Sun Phrama PT","4500095362","","","CARMATEC IT SOLUTIONS PRIVATE LIMITED","CTPL/PO/24-25/392","23-Jan-25"," 1,014,701.00 ","","Monthly","4341","10-Jul-25"," 74,975.00 "," 88,471.00 "," 1,500 "," 86,972 ","6-Aug-24"," 86,971 ","13-Aug-25"," 1 ","Sent to Finance on 12 Aug 2025","","","","","","","",""
"Panasonic Resource Deploment - Shankar Bhuyan","GGN-NTT-PANASONIC-PT-01","4500095649","","","BCT Consulting Private Limited","CTPL/PO/24-25/400","30-Jan-25"," 1,904,748.00 "," 694,189.00 ","Monthly","210607280029","10-Jul-25"," 137,565.00 "," 162,327.00 "," 13,757 "," 148,571 ","7-Aug-25"," 148,570 ","13-Aug-25"," 1 ","Sent to Finance on 7 Aug 2025","","","","","","","",""
"Panchalal Yadav","QuessCorp","4500099372","","","Highsky IT Solutions Private Limited","CTPL/PO/25-26/139","15-Jun-25"," -   ","","Monthly","HSIT/25-26/217","12-Jul-25"," 189,577.00 "," 223,701.00 "," 3,792 "," 219,909 ","13-Aug-25"," -   ",""," 219,909 ","Payment adjust against (Credit Note-8)","","","","","","","",""
"Krunal Khode (Apr,May&Jun'25)","GGN-NTT-| Abhiyantatech -PT-01","4500100039","","","Abhiyanta India Solution Private Limited","CTPL/PO/25-26/160","17-07-25"," 1,058,334.00 ","","Monthly","25260085","21-Jul-25"," 416,667.00 "," 491,667.00 "," 8,333 "," 483,334 ","Pending as on 30 July","",""," 483,334 ","","","","","","","","",""
"Raptakos Resource Deployment - Mayur Ghule Jul'25","Raptakos PT","4500100053","","","VRATA TECH SOLUTIONS PRIVATE LIMITED","CTPL/PO/25-26/161","17-Jul-25"," 1,006,335.00 ","","Monthly","M/2526/Jul/080","31-Jul-25"," 90,173.00 "," 106,404.00 "," 1,803 "," 104,601 ","Pending","",""," 104,601 ","","","","","","","","",""
"Mounika Nandam","GGN-NTT -PT-Finder fees","4500100034","","","BCT Consulting Private Limited","CTPL/PO/25-26/158","17-Jul-25"," 102,600.00 ",""," One time ","210607280266","29-Jul-25"," 102,600.00 "," 121,068.00 "," 2,052 "," 119,016 ","Pending","",""," 119,016 ","","","","","","","","",""
" Nagothi Sumitranjali","GGN-NTT -PT-Finder fees","4500100033","","","BCT Consulting Private Limited","CTPL/PO/25-26/159","17-Jul-25"," 85,500.00 ",""," One time ","210607280267","29-Jul-25"," 85,500.00 "," 100,890.00 "," 1,710 "," 99,180 ","Pending","",""," 99,180 ","","","","","","","","",""
"ADP Resource Deployment-Ankush Dilip Sangamwar
","Finder Fees – PT","4500100130","","","AUROPRO SOFT SYSTEMS PVT LTD","CTPL/PO/25-26/179","21-07-25"," 80,952.38 ","","","G96/2025-26","22-Jul-25"," 80,952.38 "," 95,524.00 "," 8,095 "," 87,429 ","Pending","",""," 87,429 ","","","","","","","","",""
"Sun Phrma - Website AMS- Ramu Verma","Sun Phrama PT","4500100177","","","ITSHRI SOLUTION LLP","CTPL/PO/25-26/206","30-07-25","1,852,497","","Monthly","2508-01","1-Aug-25"," 205,833.00 "," 242,883.00 "," 4,117 "," 238,766 ","Pending","",""," 238,766 ","","","","","","","","",""
"Krunal Khode (Jul'25)","GGN-NTT-| Abhiyantatech -PT-01","4500100039","","","Abhiyanta India Solution Private Limited","CTPL/PO/25-26/160","17-07-25"," -   ","","Monthly","25260090","1-Aug-25"," 175,000.00 "," 206,500.00 "," 3,500 "," 203,000 ","Pending as on 30 July","",""," 203,000 ","","","","","","","","",""
"HMSI Resource Deployment- Dotnet - Alok Kumar Jul'25","GGN-NTT-HMSI-DOTNET-PT-01","4500098672","","","CANTICLE TECHNOLOGIES PRIVATE LIMITED","CTPL/PO/25-26/101","2-Jun-25"," 993,446.00 ","","Monthly","160/2025-2026","4-Aug-25"," 87,657.00 "," 103,435.00 "," 1,753 "," 101,682 ","Pending","",""," 101,682 ","","","","","","","","",""
"Sun Phrma - Website AMS- Ramu Verma","Sun Phrama PT","4500100177","","","ITSHRI SOLUTION LLP","CTPL/PO/25-26/206","30-07-25","1,852,497","","Monthly","2508-02","1-Aug-25"," 205,833.00 "," 242,883.00 "," 4,117 "," 238,766 ","Pending","",""," 238,766 ","","","","","","","","",""
"Sun Phrma - Website AMS- Ramu Verma","Sun Phrama PT","4500100177","","","ITSHRI SOLUTION LLP","CTPL/PO/25-26/206","30-07-25","1,852,497","","Monthly","2508-03","1-Aug-25"," 205,833.00 "," 242,883.00 "," 4,117 "," 238,766 ","Pending","",""," 238,766 ","","","","","","","","",""
"Panchalal Yadav","QuessCorp","4500099372","","","Highsky IT Solutions Private Limited","CTPL/PO/25-26/139","15-Jun-25"," -   ","","Monthly","HSIT/25-26/234","2-Aug-25"," 189,577.00 "," 223,701.00 "," 3,792 "," 219,909 ","Pending","",""," 219,909 ","","","","","","","","",""
"Sun Phrma - Website AMC ","Sun Phrama PT","4500095362","","","CARMATEC IT SOLUTIONS PRIVATE LIMITED","CTPL/PO/24-25/392","23-Jan-25"," 1,014,701.00 ","","Monthly","4349","1-Aug-25"," 74,975.00 "," 88,471.00 "," 1,500 "," 86,972 ","Pending","",""," 86,972 ","","","","","","","","",""
"","","","","","","","","","","","","",""," -   ","","","","",""," -   ","","","","","","","","",""
"Saurabh Jamburgekar  Sreedhar Katakam
","GGN-NTT-KTFL-PT-01","4500100823","","","KAPARTHI CONSULTANCY SERVICES","CTPL/PO/24-25/229","13-Aug-25"," 625,000.00 ","","Monthly","KCS/25-2026/009","3-May-25"," 625,000.00 "," 737,500.00 "," 62,500 "," 675,000 ",""," -   ",""," 675,000 ","","","","","","","","",""
"Srinivas Rasal & Chandershekhar Oct'24","GGN-NTT-KTFL-PT-01","Duplicate Invoice for Oct'24 For Chandershekhar & Shriniwas","","","Highsky IT Solutions Private Limited","","","","","","HSIT/24-25/314 (CN-8)","13-Aug-25"," (230,201.00)"," (271,637.00)"," -   "," (271,637)"," Recd. ","0.00",""," (271,637)","Credit note against, Dupilcate Invoice submit by vendor (Srinivas Rasal & Chandershekhar Oct'24)","","","","","","","",""
"Panasonic Resource Deploment - Shankar Bhuyan","GGN-NTT-PANASONIC-PT-01","4500095649","","","BCT Consulting Private Limited","CTPL/PO/24-25/400","30-Jan-25"," 1,904,748.00 "," 694,189.00 ","Monthly","210608280016","8-Aug-25"," 153,609.00 "," 181,259.00 "," 3,072 "," 178,186 ","Pending","",""," 178,186 ","","","","","","","","",""
"","","","","","","","","","","","","",""," -   ","","","","",""," -   ","","","","","","","","",""
"","GGN-NTT-KTFL-PT-01","4500098208","","","KAPARTHI CONSULTANCY SERVICES","","","","","","KCS/24-2025/057","2-Jul-25"," (79,301.00)"," (93,575.00)"," (7,930)"," (85,645)",""," -   ",""," (85,645)","Credit Note Recd. From Vendor KCS/24-2025/057 (KCS/25-2026/CN003)","","","","","","","",""
"","GGN-NTT-KTFL-PT-01","4500098208","","","KAPARTHI CONSULTANCY SERVICES","","","","","","KCS/25-2026/010","2-Jul-25"," 72,092.00 "," 85,069.00 "," 7,209 "," 77,859 ",""," -   ",""," 77,859 ","","","","","","","","",""
"","","","","","","","","","","","","",""," -","",""